Close,High,Low,Open,Volume,RSI,MACD,MA20,MA50,Boll_High,Boll_Low,Volatility,Target
AAPL,AAPL,AAPL,AAPL,AAPL,,,,,,,,
188.07310485839844,188.35070233138782,186.0010326036107,186.66528478025867,45280000,62.41834157161903,1.821365604681921,178.61331634521486,184.99978942871093,188.13485128084636,169.09178140958335,5.124935361746165,0
181.3413543701172,187.2304149251444,179.91370149278592,186.78426205503195,81755800,48.76661636594181,1.3510862548168734,178.77950286865234,184.95794799804688,188.36942591754556,169.18957981975913,4.689175313450845,0
176.03724670410156,176.6816813943478,172.05171790486162,173.67765269377628,112488800,41.13293518919476,0.656052955643244,178.76018600463868,184.75477783203124,188.37054783629188,169.1498241729855,5.031780930790247,2
176.65191650390625,178.69426259870855,176.26526175899272,176.82047189213844,65551300,42.260900206519125,0.23281030241482525,178.78249282836913,184.54033660888672,188.37108116231735,169.1939044944209,4.781171265518378,2
177.82180786132812,178.7537488345446,175.81912716109244,178.52572555213936,58953100,44.44288284797077,0.037010160799098135,178.86031951904297,184.34256134033203,188.39101221717277,169.32962682091318,4.700355161132077,0
174.7880401611328,178.58519559094336,173.32073699502078,177.95068488711692,90370200,40.20028481123871,-0.2743213080495486,178.70367431640625,183.99737854003905,188.39264531796908,169.01470331484342,5.153939379917853,0
172.7159881591797,175.77948480311008,172.48794973853728,174.99625134216151,84267900,37.56279622189732,-0.5797453816769897,178.5430648803711,183.64065551757812,188.51315903262514,168.57297072811707,5.870687357244357,2
174.23287963867188,174.58979292564496,172.09139991683338,172.5077962303134,60895800,40.633523706097435,-0.6350966342414068,178.50192260742188,183.33664642333986,188.53582704536865,168.4680181694751,5.877216329140283,0
173.50909423828125,174.9863213204115,172.329312484714,174.96648860625493,109205100,39.63194921775389,-0.672352733304217,178.55198822021484,183.00865631103517,188.4751396685096,168.62883677192008,5.644638076108273,2
176.44374084472656,177.84165239746525,174.65917451441445,174.9665135519817,67257600,45.49795200866264,-0.46130910264368574,178.7244956970215,182.76173553466796,188.37124051076074,169.07775088328225,4.549992439924804,2
177.53427124023438,178.08946616062798,175.6109066032087,175.99756128904903,51826900,47.53802811864141,-0.22233503924216236,178.884610748291,182.57761474609376,188.33879548374142,169.4304260128406,2.5009194442333125,0
173.98500061035156,178.1588871164402,173.89576095445636,177.72265814247962,58436200,42.02458379696833,-0.2739766524814582,178.79835815429686,182.33300323486327,188.39718739781097,169.19952891078276,1.7636304639327043,0
172.43838500976562,174.7880703941122,172.36899318987008,173.05307823361915,63047900,39.8553971341639,-0.376634189365046,178.4419418334961,182.02399475097656,188.42198045070995,168.46190321628222,1.9681317932296352,2
173.29098510742188,175.56135441857745,172.55734106823024,173.17201907467273,56725400,41.643651478507785,-0.35191527476989415,178.3631217956543,181.71679107666014,188.47881758837923,168.2474260029294,1.943811280632755,2
174.56991577148438,175.4522824052414,172.6564598476282,172.7060340664089,46172700,44.31809257238071,-0.22064556757046594,178.2377052307129,181.4321954345703,188.47547285301715,167.99993760840863,1.600812732415784,0
170.4852752685547,173.69747930093746,170.1878450472042,173.32074847329434,64588900,38.283498420781726,-0.3712609484796485,177.8297348022461,181.0005615234375,188.60623860230024,167.05323100219195,1.9989829468287361,0
168.9683837890625,171.5560010147378,167.6002289663342,171.13960475321795,66921800,36.30636864770147,-0.5259470117004104,177.15110549926757,180.5437384033203,188.35630270647664,165.9459082920585,2.5305236479523865,1
169.2261505126953,170.5546549284134,166.18247183150447,167.88772217595067,56294400,36.902705052035444,-0.5606223204651428,176.3103775024414,180.06494171142577,187.24130231548702,165.3794526893958,2.854089472069682,2
169.74171447753906,171.58576377459906,168.87916528625075,170.5447655196905,51814200,38.150017566986605,-0.5005296870045184,175.48452224731446,179.63546630859375,185.7603256947972,165.20871879983173,3.0293076429337735,2
172.25991821289062,172.8052044328195,169.46409530048962,169.75161672914737,52164500,43.97554402711293,-0.25524389843598305,174.70575866699218,179.27991912841796,183.35087647856653,166.06064085541783,2.7234254664039494,0
170.92149353027344,172.14095595651972,169.3550569046923,170.78269477378157,49594600,41.726021568181366,-0.15228017775824965,173.84817810058593,178.8815640258789,180.08702638767429,167.60932981349757,2.0061555394202712,2
172.17066955566406,172.7159556991738,169.50373697662062,169.6227029977764,53020300,44.57568664944833,0.021563009030984848,173.38964385986327,178.49096466064452,178.62562344462566,168.15366427510088,1.840569758634905,2
173.40997314453125,173.94533544106068,171.19908676207933,172.29956799243436,48527900,47.32763766243602,0.23003974260727844,173.25828018188477,178.10772583007812,178.35186232417715,168.1646980395924,1.9247643301223525,2
175.96783447265625,176.46354642551725,171.69478473153458,172.30947784007347,57224100,52.562943769964974,0.5329183849033514,173.22407608032228,177.80098999023437,178.23455337811774,168.21359878252682,2.3417944589448285,2
177.45498657226562,177.51446959158443,174.2923416030924,175.29367439346143,42390800,55.342146356101026,0.8095441254142977,173.20573501586915,177.47231506347657,178.15101866651,168.2604513652283,2.847823442874453,0
176.86013793945312,178.1787337581922,176.42390893139742,176.5726316175604,43698000,53.9798551531741,0.9205003396440301,173.30933990478516,177.11946594238282,178.4652189495554,168.15346086001492,3.153136090975974,2
178.25804138183594,178.30761560829964,176.07691156880261,176.6717569025772,47551100,56.67865850091276,1.0468763717910587,173.58644256591796,176.81120849609374,179.16349027846837,168.00939485336755,3.2973442014825243,2
179.16024780273438,180.77625872690152,177.50455631675857,178.52573701205876,56743100,58.37529141378655,1.1422721377603475,173.8328109741211,176.58099395751952,179.9147971960397,167.75082475220248,3.3204954066635426,0
177.31619262695312,180.36976530628638,176.61227491408687,179.86414450043375,51427100,53.742364566866364,1.0353858007986818,174.02316589355468,176.34181945800782,180.2882634558471,167.75806833126225,2.9241925849136083,1
177.18727111816406,177.54418430814493,174.99621776035116,175.23416492964753,52517000,53.423143188032604,0.9144120890656975,174.06034240722656,176.28184631347656,180.39093438965594,167.72975042479717,2.7503891678662575,0
175.63075256347656,176.88986525789463,173.3009152798367,175.1350405719026,57549400,49.59304768951517,0.6977602871527026,173.96516647338868,176.252919921875,180.13928684141533,167.79104610536203,2.14546359211768,0
174.33197021484375,176.0570532000882,173.608235023302,174.07420545389226,54764400,46.59144565416215,0.44735434307872196,173.98251495361328,176.17920684814453,180.15871028392533,167.80631962330122,1.7512506307468991,1
173.9552764892578,176.31485552292168,173.68758775067354,174.53028914557814,59302900,45.726992147792394,0.246744580706576,174.0583595275879,176.1298406982422,180.19396545452403,167.92275360065176,1.6477780549409058,0
171.39736938476562,173.9155794449356,171.15942220172326,173.80652221036553,64189300,40.2639683182194,-0.051899927392127954,173.96367874145508,176.03367248535156,180.20132279137465,167.72603469153552,2.336368004024608,1
171.51634216308594,172.51767489960218,168.4726633962427,169.4442697526279,55980100,40.61931574621152,-0.22538476538802554,173.81100006103514,175.93869384765625,180.1307585037232,167.4912416183471,2.6963069084400217,1
171.95257568359375,172.18059896074934,169.97963653831403,171.56592094062157,43816600,41.982123974931504,-0.290567048172952,173.8843650817871,175.8193264770508,180.08085410567128,167.68787605790294,2.874383480384295,0
169.6326446533203,171.57582713235345,169.1864917714858,170.40595412753765,57157000,37.105010786769824,-0.45968014619801834,173.917578125,175.69341583251952,180.01463599781408,167.82052025218593,3.0971424188870023,0
165.458740234375,169.91023915738614,164.24920182104776,168.9088912991807,70625300,30.287652089044798,-0.8023384241047954,173.72920761108398,175.5014761352539,180.5805337590693,166.87788146309865,3.6451495753528738,2
166.77734375,167.5110029440003,165.39926501775972,165.47858075180807,58499100,34.38891149035872,-0.883461029039545,173.58098907470702,175.38686737060547,180.88430729169306,166.27767085772098,3.729057481585546,2
168.82955932617188,169.70201714769797,167.4217392864812,167.5704619394744,51131000,40.27784230917402,-0.7475745657004556,173.4094711303711,175.30358673095702,180.98488891715408,165.8340533435881,3.294803182030547,1
169.3054962158203,169.4343710606267,166.4600987883306,167.89767582228524,44846000,41.58725898457378,-0.5816849651270517,173.32867126464845,175.20305725097657,181.04173522673509,165.6156073025618,2.876602340461892,2
172.47802734375,172.73579212701503,168.66103905073186,169.5334969755198,56934900,49.53073462345109,-0.23227006412458762,173.34403915405272,175.13841674804686,181.04903340580728,165.63904490229817,2.6389225466679407,2
176.0471649169922,176.25535548295753,173.95525969593038,174.01474271477764,77334800,56.66972091435923,0.23969792047402372,173.47589874267578,175.0680258178711,181.27063394888754,165.68116353646403,3.02978360897983,0
175.13502502441406,175.3035803991637,171.86333827281126,172.74570493436423,79763700,54.5461982690694,0.4772074831461013,173.43425827026368,175.0733786010742,181.18406810576715,165.6844484347602,3.384557529078027,2
177.6929168701172,177.8911986418375,174.69882732290304,174.86736758526175,63841300,59.167049588213516,0.7756740719548691,173.44615478515624,175.0856719970703,181.2213055731807,165.67100399713178,4.0462923235860995,2
180.26072692871094,180.87540499500966,177.43516235233906,177.64335292992328,70530000,63.21040728678582,1.0955662710974723,173.61618423461914,175.1179928588867,181.81947334485758,165.4128951243807,4.941932863488137,2
181.321533203125,181.87672821790486,180.03267898856913,180.78617090399572,49340300,64.76276256334114,1.3134478720255778,173.76935882568358,175.09360412597655,182.4160469428197,165.12267070854747,5.613933134735329,1
180.8456268310547,182.54095313093342,180.25076647408798,181.3909129702863,53763500,63.46887345981984,1.3549064682724183,173.8536277770996,174.9897024536133,182.73840055722866,164.96885499697055,5.317459592009914,2
185.0448760986328,185.21365353801235,182.1957456895483,182.63254933718324,66133400,69.29765812715266,1.5788826199399641,174.24006195068358,174.96542358398438,184.289579282547,164.19054461882016,5.3662439980453085,0
183.45652770996094,184.67758150620577,182.87082057942214,184.46911666550656,43627500,65.0685858311036,1.532566485014709,174.55352478027345,174.8778503417969,185.3169444350252,163.7901051255217,4.962027030433039,2
186.07733154296875,186.74245888927783,184.94561983989882,186.33543591459554,60108400,68.48604187144528,1.584389582026299,175.07585372924805,174.8379348754883,186.95387684178473,163.19783061671137,4.44457700338779,2
186.6431884765625,188.12236184083608,186.414864785386,186.4843631662735,53790500,69.18697709605519,1.5602547412276024,175.691414642334,174.94397155761717,188.58411591886113,162.79871336580686,4.081420598734549,2
188.33082580566406,189.57173837709286,187.27851922089127,188.19184420357837,54412900,71.2414441006706,1.5578093927902328,176.4101921081543,175.18984313964845,190.39244120470914,162.42794301159944,4.187819636416679,1
188.31097412109375,188.99596031021713,187.19912126214516,188.86690055056806,50922700,71.18132204241122,1.4565682646100182,177.2558723449707,175.4230242919922,191.95085903155933,162.56088565838206,3.6592186804283333,2
190.0581817626953,190.51484429092645,188.4996033239707,188.50952517211448,46505100,73.31577941470768,1.408160867226529,178.18296432495117,175.66775177001952,193.63275459878076,162.73317405112158,3.4500498110555933,0
189.25405883789062,190.12766614172318,188.36060783923182,190.0184652287441,38134500,70.71970879510718,1.2293767846745038,179.04803848266602,175.95707214355468,194.93680446780004,163.159272497532,3.2325555556412913,2
189.919189453125,191.52740733771327,189.4426832554431,190.09788874466753,39617700,71.61502559027447,1.0692096088205658,180.06236572265624,176.3011361694336,196.00739322414938,164.1173382211631,3.0047052364737654,0
188.5889434814453,189.51217522879531,187.87417657801197,189.48239453680722,24048300,67.19000103507359,0.7993301602468428,181.21887588500977,176.58825744628905,196.0775827323705,166.36016903764903,2.188247816165313,1
188.41024780273438,189.28385517880056,187.52671857843467,188.5393075690696,40552600,66.59472534527058,0.5465001256038846,182.30052108764647,176.88628051757811,195.89217072000383,168.7088714552891,2.008419866259202,2
189.0157928466797,189.6908571482296,188.0230628104096,188.40030507150686,38415400,67.64095326499015,0.3664129279672692,183.30983276367186,177.1377215576172,195.69465057803743,170.9250149493063,1.276225153424018,0
187.99330139160156,190.69352857887446,187.5962153955331,189.5121772909601,43014200,63.99623788534579,0.1366273846252577,184.24422302246094,177.34690216064453,194.97054853126446,173.51789751365743,0.9904551974092857,2
188.56907653808594,188.93639696992793,186.82187704243873,188.4598756228668,48794400,65.13547865262017,-0.010576141880255463,185.04877548217775,177.63858367919923,194.45712495035988,175.6404260139956,0.7014152119802018,2
189.84971618652344,190.16738195236098,187.85431892352926,188.94632812953898,45679300,67.591779359891,-0.053295297021172416,185.7389030456543,177.98681030273437,194.40007752004513,177.07772857126346,0.7410238084140975,0
188.0528564453125,188.66835941071503,186.08725507958516,188.59886103241988,43389500,61.088543367947175,-0.22456361437206773,186.38479461669922,178.28204772949218,193.59101899836688,179.17857023503157,0.7714440221925847,2
192.0138702392578,192.98674157750665,188.79741899208386,188.82721483361496,66628400,68.32368649823071,-0.09946002450908065,187.10084228515626,178.63092681884766,193.51226361786567,180.68942095244685,1.2041697221108167,0
190.92185974121094,193.3441084564195,190.71337975554792,193.03636454966008,41089700,64.74923489436563,-0.11739991780120462,187.63389892578124,179.0396585083008,193.42460917920118,181.8431886723613,1.3268594034693617,2
192.85768127441406,193.5823700079149,192.18261692775607,192.22233461466143,47477700,67.9502381991311,-0.030559511444673504,188.2107063293457,179.51744445800782,193.65954898790176,182.76186367078964,1.7339241531582927,2
194.28721618652344,194.56517940505597,192.26203828251843,192.7881840281593,53377300,70.1088490030732,0.0851624611295323,188.88278579711914,180.01866577148436,193.82434812894658,183.9412234652917,2.2223022567557074,0
191.77561950683594,192.0833786038581,190.02841974664355,191.70613626728084,60943700,62.184371982805985,-0.0387874106057291,189.2193229675293,180.45934387207032,193.98312359462662,184.455522340432,2.1759682358876224,2
193.2944793701172,193.30440121762786,190.32621099568146,191.67632450221151,52696900,64.77720237970067,-0.04915856899959392,189.71122055053712,180.88003509521485,194.00136758659977,185.42107351447447,2.2632497012642774,2
196.52085876464844,196.56056130389416,193.43346752411227,193.67171305530522,70404200,69.5528459874146,0.12128483273401702,190.2333969116211,181.39202239990234,195.12705542446088,185.33973839878132,2.6017917306298064,1
196.6697540283203,198.16877097511053,194.733933428728,196.58041195784497,66831600,69.75663851385752,0.19945009269759773,190.73472518920897,181.88200408935546,196.08729398726808,185.38215639114986,2.7366923118565234,0
196.13368225097656,196.95763485816647,195.56781885438525,196.09396456637802,128256700,67.99211740120381,0.17151206557953858,191.1248680114746,182.33647827148437,196.8445837450242,185.405152277925,2.7502089397574134,0
194.46591186523438,195.20053764226134,192.97681661429394,194.66445486912104,55751900,62.679992831475914,0.00592183920345235,191.43261489868163,182.70643981933594,197.1758918837797,185.68933791358356,2.06538936549602,2
195.50827026367188,195.5181921115413,194.46590061872467,194.73394198979324,40714100,64.54447853314738,-0.06432501502785071,191.70511932373046,183.06750549316405,197.6744221241124,185.73581652334852,2.0067038833689934,0
193.41363525390625,196.24290736055494,193.41363525390625,195.46857898207327,52242800,58.24699769047149,-0.2711790155327578,191.91309814453126,183.3985754394531,197.815794223335,186.01040206572753,1.6758435742891713,1
193.26467895507812,195.64724016492798,192.09326476649224,194.67436895686498,46482500,57.81499796452244,-0.4280253585831524,192.08037261962892,183.69870819091796,197.93700285912695,186.2237423801309,1.6361961665376517,0
192.1925506591797,193.98938969071887,191.56712585784612,193.7610508645393,37122800,54.67197702559906,-0.6032448500534744,192.26055297851562,183.95935424804688,197.89391424976466,186.62719170726658,1.7973589405709973,0
191.64654541015625,192.48043504376977,191.42814358023,192.20247183256527,28919300,53.08910109731024,-0.7458441189576006,192.42236785888673,184.24596130371094,197.78338026885572,187.06135544891774,1.8180371573377243,1
191.74581909179688,192.09328069742187,189.7007974418798,191.09062871652011,48087700,53.35353844631381,-0.8176422515243376,192.5588691711426,184.5371322631836,197.70051449252978,187.4172238497554,1.97355994195839,1
192.17269897460938,193.24484932489418,191.76567598880632,192.72862541967714,34049900,54.54021579678991,-0.8185291922366256,192.76783905029296,184.86797119140624,197.47132569570778,188.06435240487815,1.8710131031502084,0
191.1303253173828,192.98672576072192,190.33613820624774,192.4903607097449,42628800,51.12034169608316,-0.8668226116554374,192.89590148925782,185.20393829345704,197.26254271436574,188.5292602641499,1.7145798848471412,0
184.29043579101562,187.07008341179338,182.55315792151214,185.78945295661444,82488700,35.42393076591311,-1.3103061273065815,192.61793746948243,185.4106414794922,198.24940784591686,186.986467093048,3.0264344943582953,0
182.9105224609375,184.52867738484042,182.0964765011294,182.88074176951616,58414500,33.20857127852577,-1.6268096224005202,192.36082077026367,185.64090454101563,199.1525665613521,185.56907497917524,4.017020191489472,0
180.5875244140625,181.7589385851153,179.56501368920854,180.82576992798064,71983600,29.826858692946516,-1.9036104996198262,191.7895034790039,185.82232818603515,200.30538414899883,183.273622809009,4.783236049280741,0
179.8628387451172,181.43135417752765,178.86018676112266,180.66696287937032,62303300,28.84019267345333,-2.0346769103475104,191.2365524291992,185.98053344726563,201.2163174231975,181.25678743520092,5.381564465157443,2
184.2110137939453,184.2507314848132,180.18053159891653,180.76623878240164,59144500,41.37190620816577,-1.7391535028644713,190.8042190551758,186.27210083007813,201.2058577542841,180.4025803560675,5.150391558717903,1
183.7940673828125,183.80398923151574,181.40158398145778,182.58293533514995,42841800,40.63296127895262,-1.4918787238491658,190.27956161499023,186.6388073730469,200.97980541591045,179.57931781407,4.901938416703595,2
184.83642578125,185.0448906262594,182.58292413922769,183.00980597306068,46792900,43.35676676542828,-1.1912780858119933,189.93260192871094,186.99998901367186,200.86382331523853,179.00138054218334,4.525199262137882,0
184.2407684326172,185.6901609871056,182.2850890001184,185.18385896123664,49128400,42.166185254767804,-0.9748309891446003,189.47991638183595,187.3082131958008,200.56553111026324,178.39430165340866,3.972862661173357,1
184.56837463378906,185.382420570264,183.84368591687618,184.7073562390581,40444700,43.09177299584965,-0.76133385650316,188.88229217529297,187.61347076416016,199.6698734463233,178.09471090426266,3.018881701113354,0
182.29502868652344,182.92043833380222,179.61464536328148,180.83571426310817,65603000,38.48851791051637,-0.7251290325970241,188.16355590820314,187.80981079101562,198.6923297220994,177.63478209430687,1.733521013215311,0
181.3519287109375,181.6001112377356,178.98924135636386,179.95219077216925,47317400,36.73531827193842,-0.7153996038189343,187.42446823120116,187.91590606689454,197.68337391738208,177.16556254502024,1.7692386064688965,2
187.25868225097656,187.76496914507203,184.47903496158258,184.73713933247967,78005800,51.60434014232648,-0.28400228325914156,187.0641067504883,188.15837921142577,196.8013967019493,177.32681679902728,2.2503378381174675,2
190.16738891601562,190.55455307634924,187.44731794521132,187.95360487861367,68741000,56.96785871770923,0.19839269348373145,186.79706268310548,188.40786865234375,195.86320067099348,177.73092469521748,2.909554436240411,2
192.48043823242188,193.90997199821769,190.86228332421425,190.90200101096366,60133900,60.698018771990796,0.6489984338279602,186.75040283203126,188.65226287841796,195.68855109991065,177.81225456415186,3.472811587210902,2
193.76107788085938,194.32694137960473,192.42090116695806,193.60225255736796,42355600,62.62949856687367,0.9886926273356759,186.7752227783203,188.90105377197267,195.7880350245758,177.76241053206482,4.289748335603287,0
193.08599853515625,194.9523359132993,192.92715808853583,193.99930838143553,53631300,60.929624349522435,1.1139994332787486,186.81989517211915,189.1458612060547,195.94779153174377,177.69199881249452,4.636732575412401,1
192.75839233398438,194.84313150183985,191.70610090276801,193.80076191791213,54822100,60.07744446366952,1.117999482518973,186.87548751831054,189.30013153076172,196.1329152993119,177.61805973730918,4.822231403341407,0
191.0211181640625,193.3441028913112,190.54461197208147,192.85767485186383,44594000,55.63377032418215,0.9532472540764086,186.83925247192383,189.45142333984376,196.02554345192056,177.6529614919271,4.678727365461846,0
190.33615112304688,190.80273551445788,188.20178731814485,190.6141143586287,47145600,53.93972329330332,0.7563440905836101,186.7474250793457,189.5365997314453,195.75357534485326,177.74127481383815,4.438185775875437,0
186.67295837402344,190.4056331853674,186.10711010289756,189.5518847070131,55859400,45.89159482802182,0.3578240648839026,186.52455673217773,189.53719512939452,195.30357760941385,177.7455358549416,3.827749076978039,0
183.05941772460938,185.73980101543498,183.00979333970113,185.68022448739953,55467800,39.61275891457758,-0.14382129823264692,186.46300582885743,189.43176696777343,195.32072742645556,177.6052842312593,3.421072135803941,2
185.5015411376953,185.5908832083414,182.48364839562151,182.6524106894615,64885400,45.081461447831686,-0.29702041494395703,186.59255676269532,189.37557830810547,195.3133912054149,177.87172231997576,3.6202761275990736,0
184.4989013671875,185.96813772334343,177.9468764270477,178.55244241438749,102518000,43.34586485715503,-0.4429489932618358,186.78812561035156,189.26439270019532,195.12866279700998,178.44758842369313,3.995392871370273,2
186.31558227539062,187.87417583998953,184.48896248395178,186.78216664518396,69668800,47.30447680320835,-0.39573869213434065,187.11076278686522,189.20562316894532,194.83092608687917,179.39059948685127,3.928195674087629,2
187.923828125,187.93374997367698,185.4122219544124,185.50156403608693,43490800,50.59553802528076,-0.24234739505683078,187.29640350341796,189.1657159423828,194.90650059088938,179.68630641594655,3.5034915981446955,1
188.03302001953125,189.66109684812312,187.23883287556598,189.2540738540102,53439000,50.820118689592036,-0.12555869466004194,187.50835113525392,189.15459747314452,194.95073916626922,180.06596310423862,3.0411411925966685,0
186.95094299316406,188.16205980044833,185.98799356738817,188.0131563419714,40962000,48.46875136663105,-0.11357187525886636,187.61407699584962,189.12541137695314,194.96109894502771,180.26705504667152,2.445333674358061,2
187.71632385253906,188.84947973129314,186.87142040616737,187.5175123353768,45155200,50.223103319618424,-0.049741913849638136,187.7878547668457,189.09942199707032,194.97006789500614,180.60564163868526,2.0351264788825,0
186.02650451660156,187.537383976275,185.66866504371018,187.28888476363343,41781900,46.46219182092275,-0.11333551623550406,187.86076126098632,189.06008605957032,194.9396301301028,180.78189239186983,1.5866745164165277,0
183.92918395996094,185.09217370700773,182.4083698811328,184.6548126341336,56529500,42.234828933505995,-0.2792095194241673,187.9424690246582,188.9672882080078,194.79664031142,181.08829773789643,1.7391409469392118,0
183.0445098876953,184.41623036442274,181.34478380471282,184.20749952407863,54630500,40.558516124717464,-0.4224708663519292,188.0270980834961,188.83118408203126,194.58926023738917,181.46493592960303,1.7419415452612266,1
182.75625610351562,183.3824789542038,180.26132954316023,182.4481195157763,65434500,40.00141241342962,-0.5050239958805489,187.80197677612304,188.7252520751953,194.75161821860803,180.85233533363805,2.021996801720088,0
181.21556091308594,183.7403213725013,180.57940354414131,182.31889800876044,49701400,37.07046253465906,-0.6239756521674961,187.35438537597656,188.50928588867188,194.77417673416366,179.93459401778946,2.4611164649721116,0
180.4700469970703,181.33481931364506,178.91941449816937,180.6986620021168,53665600,35.707099996481105,-0.7073367795157945,186.75386581420898,188.30024963378906,194.35875557201666,179.1489760564013,2.8763354069326144,2
181.22552490234375,181.79209525720324,179.57548638259638,180.8478012209779,41529700,38.18798673210919,-0.6666185697410318,186.1270881652832,188.06760650634766,193.3765884102515,178.8775879203149,2.849566186032439,2
183.26321411132812,183.8496838430312,181.36469145049406,182.3785574262725,52292200,44.41787076748161,-0.4669172626268496,185.6359489440918,187.84712646484374,192.23484666080358,179.03705122738003,2.503056886666846,0
181.42430114746094,183.9291621764045,181.1360335803032,183.89934348562096,45119700,40.45518880403095,-0.42436859795711745,185.06924438476562,187.64010009765624,191.04106071729865,179.0974280522326,2.2973215160951814,0
180.07247924804688,181.66286516303873,179.56553112991756,181.1459977034405,40867400,37.786424226385805,-0.4504984006537409,184.52181243896484,187.37566009521484,190.2114904120794,178.8321344658503,1.8141716732639763,2
181.5336456298828,182.81589486499632,178.48206808634893,180.01283169575817,54318900,42.22307584017255,-0.33775965130036956,184.08168716430663,187.07591583251954,189.24134952896875,178.9220247996445,1.2774570085313497,0
180.33091735839844,182.02070906977036,179.0486680197237,181.4143703487687,48953900,39.71262734468009,-0.3131244462502387,183.76458511352538,186.7491390991211,189.02677272000557,178.5023975070452,1.139676919889496,0
179.66494750976562,181.47402922690614,178.45227002550848,180.1818301671186,136682600,38.352840867599745,-0.31003391154415283,183.5948616027832,186.41976440429687,189.14800013991274,178.04172306565366,1.1429469224344706,0
178.5814666748047,179.44623902736157,176.3151552102376,178.47212642137438,73488000,36.18219791684571,-0.346547115524106,183.24885787963868,186.10207550048827,189.1359805790428,177.36173518023455,1.2654755050473612,0
174.04885864257812,175.838040881393,172.74670999766127,175.09254322615726,81510100,28.830945266158096,-0.6252944821366007,182.7263557434082,185.6728872680664,189.81025687178433,175.64245461503205,2.457857975527031,0
169.09872436523438,171.00719632897145,168.6017259840366,169.73488168648007,95132400,23.27033415821613,-1.0664775084027194,181.8655128479004,185.18658905029298,190.90893096329927,172.8220947325015,4.235502703194617,0
168.104736328125,170.21201988746688,167.6673753032203,170.03309257401145,68587700,22.338648527321865,-1.3314417872400948,180.87455825805665,184.6833901977539,191.28544700491628,170.46366951119703,5.333437437219322,1
167.9854736328125,169.70508399774383,167.47854068144582,168.13456709874717,71765100,22.223676857950977,-1.4132081508325878,179.8721809387207,184.19924865722658,191.156885138453,168.5874767389884,5.709766520623669,2
169.705078125,172.6572499858552,167.92583043526673,167.9854678195768,76114600,27.979392833016448,-1.2552900871753079,179.0098876953125,183.76041931152344,190.62980902917764,167.38996636144736,5.694673165858437,2
171.7129669189453,173.33318674250597,171.01717211248007,171.9018287593836,60139500,34.11082315118077,-0.9341621031398146,178.2097198486328,183.35976226806642,189.52122292846786,166.89821676879774,5.4618822877485975,1
172.19007873535156,172.98527928876703,169.9834044040384,172.1105571632911,59825400,35.515655528926786,-0.6231328286125764,177.5178985595703,182.96010986328125,188.52073575997375,166.51506135916688,4.804074141343105,0
170.10269165039062,172.1503228051375,169.73490248954016,171.73284593382695,52488700,32.2735668150431,-0.4969779810678632,176.8265739440918,182.5395571899414,187.86862312741158,165.784524760772,4.147475837383995,2
171.96145629882812,173.26358975503445,171.0171623179081,171.87200022180366,72913500,37.72516386830098,-0.24034519026957213,176.27242126464844,182.29297760009766,187.1213768760894,165.42346565320747,3.196714618929713,1
171.58372497558594,171.58372497558594,169.2677105816515,170.14243263043366,121664700,37.0720994756718,-0.05756462012170083,175.71379470825195,182.06644165039063,186.3175834215206,165.1100059949833,1.9670249714919124,2
172.67715454101562,176.6432079045962,172.4783581807999,174.51605499918875,75604200,40.29416341352417,0.1633624017883406,175.28687438964843,181.90823425292967,185.6551742342913,164.91857454500555,1.738132447539873,2
175.02296447753906,175.54978158656556,171.99127109820583,173.29340452493878,55215200,46.610086350472514,0.47616917462601727,175.01452026367187,181.81143676757813,185.10638870422105,164.9226518231227,2.1609992279466335,2
177.59742736816406,177.59742736816406,174.0389165846836,174.66513949599232,53423100,52.543373839217374,0.8436733589053986,174.8331153869629,181.6791650390625,184.5969846918002,165.0692460821256,2.7116036155486203,0
170.34124755859375,176.42451903095682,169.81443040365232,175.98715795881162,106181300,39.29004935088343,0.5969040912045389,174.18701705932617,181.41010864257814,183.32405345101486,165.04998066763747,2.4037299217899877,2
171.24578857421875,172.0111704512642,169.0391141931604,170.7289059277682,71106600,41.27847392076228,0.4974938500035617,173.67809143066407,181.1382958984375,182.26319024470547,165.09299261662267,2.265049437414801,0
169.82437133789062,170.90782428626645,168.43276661931924,169.54605342761408,54288300,39.11065819574449,0.3460855300114849,173.16568603515626,180.84996795654297,181.37825427465017,164.95311779566234,2.407019985588923,0
168.69122314453125,170.39094937582044,168.5619986920605,168.97947557636294,57388400,37.42336192844673,0.1876307538721158,172.52356491088867,180.5324249267578,179.99327795835862,165.0538518634187,2.6586051716857093,2
172.2696075439453,172.55787515067234,169.08882036385705,169.38702247981306,60273300,45.429757912749885,0.3333172113612042,172.12049942016603,180.33191650390626,178.6755519960967,165.56544684423537,2.5826246142726466,0
170.4505615234375,171.19605909940955,169.4863834451387,170.7189448975998,65672700,42.45600204152134,0.3167852796910777,171.6597801208496,180.11388916015625,177.25385415527376,166.06570608642545,2.636657814139842,0
169.00929260253906,170.22197004043582,168.46259127116116,170.16233265286536,46240500,40.21012325579072,0.22283146977366863,171.18117141723633,179.7489013671875,175.89290857083742,166.46943426363524,2.7992774004157424,0
167.82643127441406,168.3234297194346,167.22009256480143,168.0649959882119,49329500,38.41410229460117,0.10125943133882842,170.87005004882812,179.30208221435547,175.60496412004414,166.1351359776121,3.024825173985418,2
168.63156127929688,169.6553768320082,167.56799252573734,167.7767233727702,47691700,40.36656472860524,0.09538800130191882,170.84669189453126,178.82510467529298,175.6207757131401,166.07260807592243,2.8007827227893083,0
167.8065643310547,170.88794562795422,167.8065643310547,169.2677258236611,53704400,39.002105762207705,0.05809495875554882,170.83178329467773,178.3060144042969,175.6417519324671,166.02181465688838,1.4769479562890162,2
168.56198120117188,169.3671161921521,167.93575835610383,168.57191570910442,42055200,40.96968753473199,0.10378832873060606,170.8606086730957,177.81553405761719,175.60851128975125,166.11270605644015,1.4861668262911143,0
167.43878173828125,168.1842794442996,167.23005087422234,168.01530178433154,37425500,38.95751998298576,0.07897519222368965,170.74729385375977,177.30914184570312,175.7036986000419,165.79088910747765,1.4571659606528686,2
168.6514434814453,169.05898582949538,167.33937552823474,167.68726532493085,42451200,42.25500844589054,0.16015989374387418,170.59421768188477,176.86174835205077,175.61061395951734,165.5778214042522,1.43503960999346,0
166.7727813720703,168.07491474927153,166.10680533820357,167.7866623517303,49709300,38.76162119560353,0.10588004724732603,170.3233528137207,176.39048095703126,175.54657797645524,165.10012765098617,1.590840186344079,2
173.9892120361328,174.4067040844594,167.1505236254001,167.3294357885208,91070300,54.367848661908624,0.5497253366455435,170.5176788330078,176.13680603027345,175.9774404753731,165.0579171906425,2.0431677320407826,2
175.4901580810547,177.28929006742356,173.16420894399843,173.21389665591335,101593300,56.83197917267348,0.9165168962257266,170.69411392211913,175.98542083740233,176.5432754969992,164.84495234723906,2.904350951359769,0
171.6533203125,175.56967037066977,171.46445848220424,174.30729011068368,73531800,49.47688628851934,0.8730510307486017,170.69759368896484,175.70845642089844,176.5489504981608,164.8462368797689,2.9823325115636936,0
168.36318969726562,172.71688554496447,167.2598525976239,170.71895735574867,73711200,44.19495808486312,0.6076220251630529,170.48189544677734,175.3857421875,176.34350186035468,164.6202890332,2.949874560459154,0
166.99147033691406,169.62555591523414,166.99147033691406,168.59180586766368,50901200,42.17349178478289,0.3380286815950624,170.0803207397461,174.99925994873047,175.7394490001292,164.421192479363,3.061575076029078,0
166.0372314453125,167.62763251332663,165.55018268321453,167.02129381245496,43122900,40.77623125568606,0.10582993267166785,169.5023109436035,174.56152801513673,174.26227808274137,164.74234380446563,3.2218621414393547,0
164.0094757080078,165.40106519259456,163.0950004513954,165.21221853676252,67772100,37.902483117358216,-0.1595089116588495,169.18572235107422,174.08105712890625,174.49136639061174,163.8800783115367,3.6463161027901925,2
164.8444366455078,166.2559103754066,163.78086788564391,164.52636553527142,48116400,39.784338659624716,-0.24865438165581022,168.86565475463868,173.63892700195314,174.40286193478389,163.32844757449348,3.8514930305229607,2
165.8980712890625,166.0471799196536,163.92996173620628,164.3573882766078,49537800,42.16612556385263,-0.2081701265180631,168.66933975219726,173.2025619506836,174.33361268548262,163.0050668189119,3.9509167777211043,2
168.00537109375,168.28368903028098,165.2122420517991,165.54024770277562,48251800,46.70647094706545,-0.020841811706026503,168.6350471496582,172.84213928222655,174.30667469664166,162.96341960267472,3.913388547686138,2
168.87014770507812,169.5858267499,167.1405874855602,168.5123081826672,50558300,48.493497299784224,0.16945803032517226,168.46507415771484,172.5409585571289,173.88917264152107,163.0409756739086,3.4238577701991573,0
168.28366088867188,170.31140768247312,168.16437095925713,168.86018085141623,44838400,47.33426332257911,0.2586420652034449,168.35672912597656,172.24574157714844,173.70388163150395,163.00957662044917,2.2242252407057905,2
172.45843505859375,174.97324560716834,172.06084242792699,172.32921062839307,68169400,55.49065727270497,0.583036552008183,168.5291862487793,172.03978515625,174.16414007058572,162.89423242697288,2.406584934764163,0
169.30747985839844,173.9395086711804,168.9794590883409,172.28947031289857,65934800,49.28638409509093,0.5690113058624222,168.6032386779785,171.80162353515624,174.23823156196383,162.9682457939932,2.4673755876482955,0
168.28366088867188,171.67319360904702,168.0947990703537,168.56197877866052,50383100,47.430732243866274,0.47805832694684014,168.58584365844726,171.55789581298828,174.2225270817452,162.94916023514932,2.4733257995382028,2
171.9912872314453,172.37894542666191,169.8641344122997,171.47440458209337,94214900,54.16140276057122,0.644516635612834,168.7950798034668,171.3732110595703,174.60842951673067,162.98173009020292,2.7558939105078992,2
182.27914428710938,185.87740797297917,181.56346535319665,185.52950301417593,163224100,66.84598521527936,1.3820553005430407,169.48093795776367,171.35352966308594,177.74329605128455,161.2185798642428,4.8968650368784274,0
180.61917114257812,183.09421354898845,179.33690673477625,181.2553285088154,78569700,63.77919065051646,1.6732404789165432,170.13995742797852,171.33742706298827,179.65348999522115,160.62642486073588,5.541929931882796,2
181.30502319335938,183.79001537072006,180.23151991986552,182.34872294128857,77305800,64.50380220519722,1.8152869611856002,170.77263641357422,171.36207794189454,181.42133469402046,160.12393813312798,5.910122729209528,1
181.6429901123047,181.97101089337855,180.36072568018065,181.75233037266264,45057100,64.87668388928626,1.8300712641417995,171.51614685058593,171.36426483154298,182.98857875601416,160.0437149451577,6.1616618876383935,2
183.46202087402344,183.55147695770702,181.0167817496789,181.46407733528633,48983000,66.89256661734942,1.8546620128062437,171.98978729248046,171.42688690185548,184.56106104283168,159.41851354212923,6.402302932499194,0
182.19793701171875,184.22843448265328,181.28222127480615,184.0393164696827,50759500,64.13768124350474,1.6831258415048744,172.32517623901367,171.47754669189453,185.59083588077362,159.05951659725372,6.050149963922422,2
185.41287231445312,186.22906253508128,183.76059590764,184.57678612826817,72044800,67.77288031977768,1.6796576809817445,173.01315383911134,171.6141748046875,187.4440842544896,158.58222342373307,6.268239427971325,2
186.55751037597656,187.4234708736874,185.42281765723527,186.63713980034996,52393600,68.97856126592373,1.645763287344411,173.92286987304686,171.86434783935547,189.32763878073726,158.51810096535647,5.764851711867311,2
188.8368682861328,189.76253191302303,186.49780129168897,187.03529613574696,70400000,71.28257678062741,1.6632392627592272,175.0151397705078,172.25911071777344,191.3678551661524,158.6624243748632,4.500052945505874,1
188.95631408691406,190.21045865928463,188.7771592552961,189.58338637309936,52845200,71.4024426248466,1.5703656671872581,176.16109390258788,172.67614227294922,193.04034619659032,159.28184160858544,3.110604721774574,1
188.9861602783203,189.92178705781208,188.29936976198016,188.62783545187153,41282900,71.4345270391594,1.4038984669362753,177.40992813110353,173.09615600585937,194.20382317788628,160.61603308432078,3.379372329804513,2
190.15072631835938,191.02663488992152,188.1301769262196,188.44869465688268,44361300,72.72058378835894,1.269246107970405,178.67524261474608,173.50506896972655,195.30407601661315,162.046409212879,3.413883440176435,2
191.4546356201172,191.83285642957057,190.03128423275254,190.20049107683238,42309400,74.12521835786326,1.1675930671350567,179.95307083129882,173.89990234375,196.38468901706935,163.52145264552829,3.4537884040188755,0
190.01136779785156,191.92244369758092,189.38431073139583,191.37500087150013,34648500,69.83866309778575,0.9139725730468946,181.0533706665039,174.256328125,197.07959289955937,165.02714843344842,3.066764213835191,0
186.01010131835938,190.11091836221462,185.76126503778056,190.09100720719516,51005900,59.5560487473267,0.4130684020221933,181.91036834716797,174.5744763183594,197.0473981208743,166.77333857346164,2.7766398436836535,2
189.0956573486328,189.6928704821682,187.16468542966413,187.94106857836448,36294600,63.96244540082442,0.23475282734493863,182.95096817016602,174.91716033935546,197.02173654927748,168.88019979105457,1.947442313409347,1
189.10560607910156,192.1015891258543,188.219749617586,190.61851957640835,52280100,63.976073646938055,0.07116401048253085,183.7833267211914,175.2675979614258,197.2284932537143,170.3381601886685,1.6075103337800314,1
189.4042205810547,191.35510374397245,188.6278525845266,188.7273931739324,53068000,64.4111114459111,-0.05635898580326515,184.7881637573242,175.60213928222657,196.66850778804564,172.90781972660278,1.3791905260191084,2
190.39956665039062,191.2854232244703,189.7426503955058,189.8720349370489,49947900,65.88977192122232,-0.10999942380834238,185.89395904541016,175.9096713256836,195.27848284308237,176.50943524773794,1.4212180986163507,2
191.35508728027344,191.67360498875826,189.02598349107927,190.54886021384164,75158300,67.29460301111149,-0.11681064079820924,186.86214904785157,176.18482452392578,194.04738717834707,179.67691091735608,1.5431947526221044,2
193.12680053710938,194.0823384761381,191.62383496596826,192.0020557606219,50080500,69.77987430274956,-0.04155941228277982,187.40453186035157,176.6405355834961,194.75975555917395,180.04930816152918,1.8797853143762722,1
193.4453125,194.41079839334418,192.13144977133211,193.7339558758535,47471400,70.21802635487694,-0.011463015813149013,188.04583892822265,177.08452606201172,195.155283264577,180.9363945918683,2.1727964760489598,2
194.95823669433594,195.9834409155792,193.96289161058436,194.49042328995185,54156800,72.27432775667835,0.06500422866763511,188.72849960327147,177.58720336914064,195.7391076798797,181.71789152666324,2.6106985287167714,0
193.57472229003906,195.58532376400316,193.2661677207586,194.77909661517052,41181800,67.67283376059413,-0.018464819524830034,189.3250862121582,178.08487335205078,195.8351744752176,182.8149979490988,2.7472113440024075,2
195.97348022460938,196.02325051312178,193.2362814217838,193.74390191398706,53103900,71.10751980609878,0.043614617595772565,189.9506591796875,178.55895080566407,196.49137814621716,183.40994021315785,2.514113826896308,0
192.2210235595703,196.3815736009198,191.25553768440525,195.98342648408087,97262100,60.31213650658875,-0.19898883303144999,190.4518135070801,178.99436004638673,196.0003585993009,184.90326841485927,2.291277064986849,2
206.18572998046875,206.19569315156764,192.72867525564521,192.74857122232135,172373300,75.3253647108031,0.5112775521773756,191.49045639038087,179.7378887939453,199.91092409318955,183.0699886875722,4.699397195255305,2
212.0782012939453,219.1750019825869,205.9369082694312,206.40472171133436,198134300,78.94469525285356,1.2652344614548614,192.7664909362793,180.62292419433595,204.7787961459957,180.7541857265629,7.072065650454845,2
213.2427520751953,215.74106295368526,210.61504146610727,213.74042465409653,97862700,79.5821269310704,1.7024435094028787,193.9867851257324,181.5151480102539,208.7890171205173,179.18455313094753,8.490086199140842,0
211.50086975097656,214.16838712685717,210.31640674162668,212.8545395919822,70122700,75.88168054674075,1.7288399295880899,195.11401290893554,182.38903411865235,211.55515053393265,178.67287528393842,8.953226655237534,2
215.6614227294922,217.9308083607288,211.72981259041407,212.37678083551464,93728300,78.45822154218908,1.8691024654381287,196.44777603149413,183.33102294921875,214.8902380317255,178.00531403126277,9.662499249826817,0
213.29248046875,217.61228945527094,212.008492058615,216.5771221156608,79943300,73.63473736341393,1.6524240880542118,197.60486373901367,184.24809692382811,217.19024714797882,178.0194803300485,9.54593986533956,0
208.70394897460938,213.24273529474334,207.87782592387282,212.93416556238657,86172500,65.26508821630775,1.077965491678361,198.4673294067383,185.0491470336914,218.409363721087,178.52529509238957,8.930079174587524,0
206.524169921875,210.9036824915187,206.14593390610847,209.41066477171813,246421400,61.67849814249634,0.46063530638300954,199.29296951293946,185.8441748046875,219.13332950780512,179.4526095180738,7.749765651597588,2
207.17112731933594,211.70989851928564,205.6283393856244,206.75308420226276,80727000,62.33999693461465,0.028141343556079335,200.35102081298828,186.50781311035155,219.48967675067894,181.21236487529762,6.619654420152302,2
208.09678649902344,210.39603101963272,207.6389211162797,208.1764007338177,56713900,63.315720164402684,-0.24810685087746265,201.30107727050782,187.15994567871093,219.99172888785503,182.6104256531606,3.3218087848945275,2
212.25733947753906,213.8598456726642,209.65948819693895,210.51548557795786,66213200,67.40362039581474,-0.20493298719534359,202.4586639404297,187.9720260620117,220.85003319563413,184.06729468522525,3.040212369230901,2
213.10340881347656,214.73577429887092,211.36155475092565,213.69065882378794,49772700,68.18014997051264,-0.1748703300953327,203.64362335205078,188.86683044433593,221.5657986734325,185.72144803066905,3.1027644065720166,0
209.6395721435547,215.0642148828325,209.3210696212814,214.76560832661605,82542700,61.69966410835595,-0.4292510251487567,204.605623626709,189.71979248046875,221.62361008031982,187.58763717309816,3.0156200038864096,2
215.74105834960938,216.49751518580166,210.9335395174881,211.1027463681721,60402900,67.55052989743709,-0.2371653368483173,205.82492218017578,190.71386901855467,222.35820212352903,189.29164223682253,3.427148437162283,2
219.24465942382812,219.35414798734178,214.09872731420612,215.1438274713018,58046200,70.35135566995469,0.059436969655748406,207.1308151245117,191.8185726928711,223.57153685569887,190.69009339332456,4.08972426611354,2
220.51870727539062,220.51870727539062,218.01043340115498,218.97591935149836,37369800,71.320753393693,0.263579537703718,208.48448486328124,192.93205810546874,224.6509989843679,192.31797074219457,5.002287636389839,2
225.28639221191406,225.3958807735831,220.618221554563,220.618221554563,60412400,74.65974024905243,0.6214236480893973,210.00089263916016,194.1198245239258,226.4941381918443,193.507647086476,6.325024269751423,2
226.75953674316406,226.78939588229815,222.21080217009418,226.0329238568709,59085900,75.604830543615,0.8451799057303493,211.6601333618164,195.29490783691406,227.88423412985628,195.43603259377653,6.95864772763559,2
227.61550903320312,228.33215871662,225.3162642938077,226.8690002119573,48076100,76.1611779451999,0.9318499956443826,213.2422348022461,196.46981506347657,229.20813130366048,197.2763383008317,7.148413262701034,2
231.8955078125,231.9950484021832,228.18287467129386,228.23264496613547,62627700,78.76848314328416,1.1444432388590577,215.22595901489257,197.7420520019531,230.0711554926656,200.38076253711952,7.502145725583288,0
226.5106964111328,231.30825199534104,224.7190721562944,230.31290687462652,64710600,68.60231302608057,0.8054241613131383,216.2422073364258,198.8230972290039,231.25462643799165,201.22978823485994,7.17082877158988,2
229.46685791015625,231.55708874298097,227.6155153743793,227.8544036714271,53046500,70.82823501328598,0.6689027877535612,217.11164016723632,200.02628479003906,233.04461103857676,201.17866929589587,6.869216009786489,2
233.3088836669922,236.12571210202407,232.00498402552307,235.37920328245679,62631300,73.46156007301505,0.721468950647802,218.11494674682618,201.32678924560548,235.41551161623772,200.81438187741463,5.61490020673974,1
233.7269287109375,235.17017597600105,231.24851410299036,233.90608352734432,43234300,73.73933622391982,0.6696410893065021,219.22624969482422,202.5615020751953,237.51195889900714,200.9405404906413,4.932791598549144,0
227.81459045410156,230.38258262455565,225.58501197125685,228.38192926123955,57345900,63.60024093425777,0.14958145733245942,219.8339080810547,203.47221099853516,238.41078853454997,201.2570276275594,4.010235634427068,0
223.13645935058594,229.3673294560276,221.23536173419896,229.20807059344992,66034600,56.93003516222072,-0.5582711012580148,220.32610702514648,204.3225567626953,238.7042125346207,201.94800151567227,3.4994721264846453,1
223.26583862304688,225.74425318618754,222.24063446922685,223.773474302542,49151500,57.064150217577414,-1.0386453335655244,221.05420150756837,205.16177307128908,238.67089156669235,203.43751144844438,3.757782164985479,1
222.91749572753906,226.7197061195605,222.0515351611177,225.95328613844396,48201800,56.553539713133524,-1.3793783768101653,221.87386779785157,205.98726318359374,238.18737038997799,205.56036520572516,4.117649869114974,2
223.96258544921875,225.88360930378687,221.64342964759248,223.32556522126958,39960300,57.77431136054081,-1.52265574223145,222.71344070434571,206.79727447509765,237.57780308326218,207.84907832542925,4.30973784687082,0
217.522705078125,223.75357494115906,216.1192800710717,222.9572958470105,61777600,48.69464049538537,-2.0088637425229994,223.1847366333008,207.5037698364258,236.70214099796405,209.66733226863752,5.051117607638037,0
216.4776153564453,219.8219755631398,213.62096453779796,217.91089956980477,51391200,47.39294475823362,-2.3356646514333494,223.3957504272461,208.12506469726563,236.34401698757827,210.44748386691393,5.899620665923364,1
216.94541931152344,218.46829606182757,215.0044842643322,217.6819649471348,41601300,48.06222294809836,-2.44354804778434,223.58785095214844,208.73282287597655,236.02348087557132,211.15222102872556,6.204848328660748,1
217.22412109375,218.27918447457574,214.74570631572197,215.95008057489312,36311800,48.48273266806181,-2.415061481108915,223.9670783996582,209.3005679321289,235.06924724012498,212.8649095591914,5.546993122557693,2
217.78150939941406,219.30438617677734,215.11397665237357,218.16969337819762,41643800,49.365691299186054,-2.279304639935294,224.06910095214843,209.8770718383789,234.90124248353362,213.23695942076324,3.9625848687556235,2
221.04623413085938,222.77814001369308,219.60298682237814,220.40921389598267,50036300,54.30565126733888,-1.9054585846264818,224.1591796875,210.5182733154297,234.85849419794988,213.45986517705012,3.096692892751907,0
217.3435516357422,223.43505864730554,216.0097928775357,223.3255700813178,62501000,48.5235499462374,-1.8422811769394078,224.00042190551758,211.06212982177735,235.00107934639263,212.99976446464254,2.990605814921802,2
218.83657836914062,224.54986481713928,216.69659243938975,218.12987665236415,105568600,50.79841460012069,-1.6413597667392983,223.6779312133789,211.60976867675782,234.88510638080027,212.47075604595756,2.673655142694807,0
208.29586791992188,212.506173331003,195.0876345333798,198.16324716744046,119548600,38.022882579061296,-2.128859719707429,222.7547477722168,211.97545867919922,235.70133111585105,209.80816442858256,3.9771210795471466,0
206.26536560058594,209.0125278604179,200.13405118519225,204.3443568031922,69660500,36.13747631235952,-2.47433958970475,221.68724060058594,212.38056396484376,236.27183106109922,207.10265014007265,4.67896155592038,2
208.84332275390625,212.64553325809877,205.4292810556757,205.9369016050796,63516400,40.19231681096738,-2.4129527596428675,220.53463134765624,212.77551727294923,235.35177505950656,205.71748763580592,5.104197504194133,2
212.31704711914062,213.20290359333654,207.85790561211314,212.1179811495676,47161100,45.237908137502224,-2.0371023851522674,219.82494888305663,213.23974609375,234.78811092713525,204.86178683897802,5.1313504177704425,2
215.23342895507812,215.77090862412464,210.98330114399806,211.11270086651854,42201600,49.11892129764882,-1.5147803806458007,219.11327743530273,213.75633026123046,233.5179101092586,204.70864476134687,5.06849735615791,2
216.76803588867188,218.7410960979999,214.8448035806853,215.31315848368175,38028100,51.083449920780446,-1.0127629339382662,218.2862350463867,214.28369964599608,231.1530306981687,205.41943939460472,5.041427979995441,2
220.49493408203125,221.11275746457662,218.2428407360094,218.2428407360094,44155300,55.57000845494392,-0.4075733766019116,217.6246353149414,214.86649658203126,228.44573690598264,206.80353372390016,5.3167451590458965,1
220.943359375,222.24876826808693,218.93043078284688,219.7973936824548,41960600,56.09183962206466,0.022261885053210057,217.28107376098632,215.42282775878905,227.1835911281993,207.37855639377332,5.302848238992686,2
223.93284606933594,224.56064415441705,221.97970491871703,223.81327127421198,46414000,59.506375226930324,0.4817696595809127,217.32089309692384,216.0325784301758,227.32317357578185,207.31861261806583,6.047797359286458,2
225.25819396972656,226.03546056539557,222.86659157853387,223.1356500786779,44340200,60.9560098442398,0.8284879328795514,217.4205108642578,216.6385775756836,227.69366001857432,207.1473617099413,6.774875300749624,1
225.0987548828125,225.19841068626937,222.25873174304007,224.92935218120843,40687800,60.67460701675652,0.9896924587109062,217.5295738220215,217.26905822753906,228.07650381875868,206.9826438252843,6.780915112239701,2
225.71656799316406,226.3742597731608,224.66028342820331,224.9791698204466,30299000,61.41787441102058,1.0735166641254301,217.61727294921874,217.86391998291015,228.40317183623617,206.83137406220132,5.931865263215977,1
225.60696411132812,227.18143154067607,224.26170199000447,225.7265541171402,34765500,61.196893435805464,1.0555773657574905,218.0214859008789,218.53163879394532,229.3549455102185,206.6880262915393,4.872038491154093,0
223.74351501464844,227.5401669123529,223.11571691317775,226.9920904114928,43695300,57.41457132363625,0.8604629037220923,218.38478088378906,218.8827944946289,229.96022860395402,206.8093331636241,3.794388601009414,2
226.04541015625,227.42058109078098,223.544207780358,224.86955081625499,38677300,60.649963704842726,0.8283880733366669,218.83978042602538,219.162138671875,230.85999620659288,206.8195646454579,3.026146642395956,1
226.3842315673828,226.48388737170686,223.1057623977585,225.9657045588355,30602200,61.11821834128443,0.7730178977117004,219.29778594970702,219.42496826171876,231.72791824030568,206.86765365910836,2.0775635020985463,2
227.2312469482422,228.04838192077386,224.1022464634546,225.20835892301574,35934600,62.32517944538806,0.7366191348573952,219.77027282714843,219.73957580566406,232.64440794885766,206.8961377054392,1.7675937170667804,0
225.69664001464844,229.05483047059747,224.8894645684117,227.1216236092518,38052200,58.765892539913025,0.5603508930698151,220.0027931213379,219.94028015136718,233.12627751160898,206.87930873106683,1.0501896310028536,2
228.98507690429688,232.10411789712717,228.07827604001008,229.294003797999,51906300,63.56729309163937,0.6121736803698399,220.58486938476562,220.25413208007814,234.2081055190944,206.96163325043685,1.3885237283863359,0
228.19786071777344,229.59295072736154,226.68318070354871,229.38369482859366,52990800,61.71466227590308,0.5427489442009379,221.05293350219728,220.6440103149414,235.04208822333035,207.0637787810642,1.5240792306979745,0
221.9896697998047,228.19784265919515,220.39526831044307,227.7494219919808,50190600,49.46986446912948,0.053776991059419466,221.7376235961914,220.9533203125,234.44385034675346,209.03139684562936,2.024626872290245,0
220.076416015625,221.00315112701452,216.71821006143196,220.88357632692316,43840200,46.41353539830176,-0.3985560264472179,222.42817611694335,221.21142608642577,233.0213114285336,211.8350408053531,2.7540882393132646,2
221.60104370117188,224.6901757794695,220.744055533832,220.85367082984084,36615400,49.11161031377255,-0.5839064710055775,223.06606216430663,221.48151123046875,231.65757557694678,214.47454875166648,3.0002793828161574,0
220.0465087890625,224.4510243839852,219.00018373655976,223.16553454066073,48423000,46.53864464348774,-0.7873751571087049,223.45253524780273,221.63729461669922,230.65891662623775,216.2461538693677,3.375902740566705,1
220.13619995117188,220.49493955114087,215.95091475509392,220.04651885251477,67180000,46.71210977821941,-0.8848085871644396,223.69767379760742,221.77795043945312,230.05223399063166,217.34311360458318,3.608865767818432,0
219.3389892578125,220.70418549359823,215.97082401031443,218.15315521125123,51591000,45.3050046055546,-0.9652568982723639,223.82622146606445,221.9719387817383,229.70074162589052,217.9517013062384,3.7826812824266676,2
221.88006591796875,222.3085524071335,217.126770108234,220.6842723421212,44587100,50.43055457557301,-0.8156003167014141,223.89547805786134,222.09471893310547,229.6425477775225,218.14840833820017,3.5401945030273603,1
221.9896697998047,222.7669363444001,219.05000630879996,221.72061131734026,37498200,50.645393725578614,-0.6828756858215632,223.94779357910156,222.149619140625,229.60476121091202,218.2908259472911,3.3936303025367898,1
221.7206268310547,223.25522582753553,221.13269713278441,222.7968456308755,36766600,50.07171045339234,-0.5903292636730435,223.8371826171875,222.1736575317383,229.5768997972305,218.09746543714448,2.4904818907459116,0
215.56228637695312,216.45912779468063,213.1706839207783,215.7815017768951,59357400,39.1421313786613,-0.9023129279899327,223.35238723754884,221.97917541503907,230.0825561782907,216.62221829680698,1.979002718542743,1
216.03062438964844,216.14023969143096,213.74865245933694,214.99427397716522,45519300,40.21097187717214,-1.0265378219373646,222.89898071289062,221.76459716796876,230.2871162228966,215.51084520288464,2.325424967013636,2
219.91696166992188,221.9298901997397,216.777986478492,216.7879611815548,59894900,48.32186627893538,-0.8060986663656743,222.6090003967285,221.61062622070312,229.98727389920182,215.23072689425518,2.3241566977803574,2
228.06829833984375,229.014982798629,223.84316014627527,224.20189972925183,66781300,60.44300819910677,-0.10716698745239064,222.7320671081543,221.53408203125,230.38331326384582,215.08082095246277,3.4843362283543735,0
227.40065002441406,232.27352055331795,226.82267984404155,229.1644542640561,318679900,59.217847817650586,0.2924726178462128,222.91492385864257,221.55188110351563,230.82456034117925,215.00528737610588,4.105903395518008,0
225.67672729492188,228.64628476177805,225.01903547850176,226.54367501316779,54146000,56.05818576961762,0.4154964114581598,222.89648971557617,221.47607849121093,230.7785270643573,215.01445236679504,4.314272014934522,2
226.5735626220703,228.5466380182851,224.93930782860403,227.8490778167103,43556100,57.333606704506586,0.5249973189335454,222.90595626831055,221.3413720703125,230.80516247476342,215.00675006185767,4.467332321655952,0
225.57705688476562,226.49383244586693,223.2352976856936,224.1420985437932,42308700,55.40914708722436,0.498256946219523,222.82324676513673,221.17837463378908,230.57279017438785,215.0737033558856,4.563918764184734,2
226.72303771972656,227.69960067739044,224.62042810744603,226.50380712846774,36636700,57.1888152080391,0.5231178124742848,222.87456665039062,221.15654357910157,230.71263301104423,215.036500289737,4.707775837889918,1
226.99209594726562,228.71604709249937,226.50382203896112,227.65976246799463,34026000,57.61651936016175,0.5218626444777572,222.77491760253906,221.23365631103516,230.34582949824656,215.20400570683157,4.802352407067498,2
232.18385314941406,232.18385314941406,228.84558136748996,229.23421467656505,54541900,64.90287746498163,0.8172699678531274,222.9742172241211,221.4120166015625,231.2798645074308,214.6685699408114,4.479977042369975,0
225.41763305664062,228.84557057238277,222.9562838134916,228.71603627902877,63285000,52.28684589555469,0.5181409549640468,223.1456153869629,221.46201934814454,231.50423111768188,214.78699965624392,3.0164299112212936,2
225.98562622070312,226.57355589970402,222.2388023482828,225.09874435066007,32880600,53.110819183325404,0.3289203296765155,223.4410758972168,221.5024801635742,231.76251835825033,215.11963343618325,1.9918045023571331,0
224.87950134277344,226.0155074417467,222.5377422537936,224.35135909006985,34044200,51.25449963292348,0.11091943194807774,223.60499877929686,221.6496160888672,231.90413076060685,215.30586679798688,2.06628228894252,2
226.0055694580078,227.20136306464835,223.3449237414969,227.1017072618697,37245100,53.05344770351929,0.028508118500349955,223.90295181274413,221.84017517089845,232.09688037706647,215.7090232484218,2.063888618664021,0
220.91346740722656,224.8994562199718,220.55472780586587,223.7136221153256,39505400,44.971144241163046,-0.3614922020823128,223.9418151855469,221.9195361328125,232.07103060618064,215.81259976491313,2.7399523806990342,2
224.9791717529297,225.1884276449642,222.46799461113406,223.51431968732726,31855700,51.344612858927455,-0.3385851683289127,224.22382431030275,222.0746371459961,232.08156235599125,216.36608626461424,2.757293455585085,2
228.7359619140625,228.94523301761674,224.0424685900414,224.44106139019914,33591100,56.37276993895337,-0.07701910627589048,224.5666191101074,222.29372619628907,232.5820573742507,216.55118084596413,2.8857780797499015,1
228.2377166748047,228.6961120865482,226.37427173832708,226.98213565099735,28183500,55.55280589845952,0.04905120933955853,224.87902145385743,222.43755584716797,232.95516704349984,216.80287586421503,2.9505472360910923,0
226.7529296875,228.60641499605356,226.54365859549918,228.49679970126073,31759200,53.07525165123588,0.020516014563764173,225.1306365966797,222.62574340820314,233.11049260789085,217.15078058546854,2.946478805496578,2
230.48980712890625,230.91829362955485,227.79926770980506,227.89890830734765,39882100,58.135714506809265,0.229760608076512,225.87701263427735,222.85880798339844,232.868669789408,218.8853554791467,2.6066837087548533,2
233.03086853027344,236.65811760908664,231.5560417756155,232.79170373632726,64751400,61.19988084132501,0.5002341620437458,226.7270248413086,223.35350799560547,232.79649313019692,220.6575565524203,3.346650970257279,0
230.96810913085938,231.3069145139278,229.0349022193022,230.78874694170784,34082200,57.51942757520425,0.4999609486031029,227.27958221435546,223.84756286621095,232.7512486715095,221.8079157572014,3.5437659481173314,1
231.33682250976562,233.0308799404877,229.71254238803704,232.6123377292532,32993800,58.0055743200884,0.48403462910284767,227.44300842285156,224.29743286132813,233.1875820757408,221.69843476996232,3.601201884901738,2
234.1768341064453,235.35269346424636,233.19029643777657,235.35269346424636,46431500,61.646393653822344,0.6157413959858644,227.7818176269531,224.7346286010742,234.23235888850274,221.33127636540348,3.969972081482181,2
235.6516571044922,236.02037141360947,233.62876897482323,233.62876897482323,36254500,63.41999384917409,0.7445508887022583,228.28056411743165,225.1429931640625,235.49964189365338,221.06148634120993,3.3348719544999095,0
235.03382873535156,235.3925683333293,231.7852533575211,233.07072804715946,38846600,62.123945568492815,0.7295469161234633,228.7035774230957,225.50830902099608,236.4455325179641,220.96162232822732,3.0064010356058155,0
229.95169067382812,234.31635331873264,226.96219904424217,233.26006870913344,52287000,52.60135313220393,0.33862538254254204,228.92230911254882,225.69744415283202,236.54484318496102,221.2997750401366,2.907804316164126,1
229.76235961914062,230.0114839114603,227.60992208421712,229.17441473320775,31109500,52.279846049156845,0.04405447415958541,229.07427520751952,225.87382415771484,236.63631388421706,221.51223653082198,2.749751420286457,2
230.5994110107422,232.40306843409212,228.76585988907573,228.935262581316,38802300,53.62928237826012,-0.10928291435050852,229.25464096069337,226.00715545654296,236.7814208483668,221.72786107301994,2.190618276474001,2
232.5824432373047,233.9077863541258,231.73542973016842,232.50273684103132,36087100,56.749628273903255,-0.0926767719341175,229.2745704650879,226.15364044189454,236.83430746620357,221.7148334639722,2.1184588884896836,1
232.85150146484375,233.50919327337175,231.50623935322642,232.28350596136286,35417200,57.17074321304075,-0.07959442546413875,229.64626388549806,226.30869537353516,237.14164201950828,222.15088575148783,2.1124223417193915,0
229.29400634765625,232.65219696606212,228.74592985962587,231.79520878623467,47070900,50.209603999071106,-0.3134268073838502,229.8116828918457,226.380244140625,237.12030814104025,222.50305764265113,2.287992363371628,0
225.11868286132812,229.02495000446748,224.5805658660821,228.53666090957242,64370100,43.51298143714731,-0.7284766777401517,229.82364196777343,226.370478515625,237.10066044005052,222.54662349549633,3.1920589874420977,0
222.12918090820312,224.56063636026596,219.4984290694042,220.1959740256502,65276700,39.45538621108525,-1.1580158533829186,229.62982254028321,226.3381918334961,237.48667589423192,221.7729691863345,4.188468164570326,0
221.23233032226562,222.0095968952219,218.94039900502227,220.21591416091667,44944500,38.3014777758856,-1.4379320176966062,229.64576568603516,226.24193023681642,237.43278909932278,221.85874227274755,4.602020185923929,2
222.66729736328125,223.1655459656629,220.36539125313263,221.02308305755813,28111300,41.26149638263102,-1.4573052179827153,229.53017196655273,226.16759155273436,237.65228192925278,221.40806200385268,4.415092556640332,0
221.93984985351562,225.27812143912794,220.41521040716108,221.83023455712816,54561100,40.208369828327406,-1.4470383122625272,229.19036636352538,226.06176361083985,237.95981576980134,220.42091695724943,4.664618185216127,2
226.68316650390625,227.08177448549134,223.78337136524107,223.8431587611439,42137700,49.29586347986299,-1.0663022894669718,229.11263885498047,226.081494140625,237.94183919069755,220.2834385192634,4.548833062569634,1
226.41383361816406,228.10973956989392,225.8651541338214,226.6233197345054,38328800,48.84193385494477,-0.7907874770436679,229.09568405151367,226.03006927490233,237.9442259187944,220.24714218423296,4.317396549171542,0
223.69039916992188,225.15686291743452,220.96697301971395,224.4585504714927,42005600,44.39068270654194,-0.7504788864119997,228.75571365356444,225.9399200439453,237.88199870227635,219.62942860485254,3.7040593033596823,1
223.69039916992188,225.04712701721013,222.82249764582772,224.00963641496367,40398300,44.39068270654194,-0.6841923245894823,228.28869018554687,225.97393463134765,237.44798750746503,219.1293928636287,2.5573084360933716,2
224.5782470703125,226.10456392944064,222.2239257676591,223.4709176605461,48566200,46.24299959871104,-0.5468783332716217,227.96919708251954,226.0639712524414,237.1779996379633,218.7603945270758,1.8749540679217083,2
227.67079162597656,228.31922131738446,224.45853931227538,224.47849544461576,44923900,52.21379686915726,-0.23029891519172474,227.78589553833007,226.1853662109375,236.86429163237614,218.707499444284,2.215066200591298,0
224.4585418701172,226.3739196007606,223.73030286311794,225.8551667084814,47923700,46.44347512749882,-0.21978736278415467,227.29998092651368,226.2736068725586,235.99010525996684,218.60985659306053,2.1082472108322032,2
227.4712677001953,229.18712968944305,224.62812021676072,224.70792952115227,44686000,51.821279563386355,-0.0038999129321337644,226.89096145629884,226.42030822753907,234.69511689159233,219.08680602100534,2.020045341031548,1
227.73065185546875,229.60613257977118,226.11455519341968,226.43377721041003,36211800,52.26569763574735,0.15369304910001935,226.5258026123047,226.58814147949218,233.39975610511155,219.65184911949783,2.025448788631269,2
228.44891357421875,229.37666823104936,225.34639715216647,227.51117324017346,35169600,53.543623737741655,0.2954210685704358,226.4506637573242,226.71951843261718,233.20499441132017,219.69633310332824,1.8129945470277526,1
227.97007751464844,229.60613029336434,225.16684213362325,228.3292117939797,42108300,52.53389760695248,0.3427063244765706,226.3610496520996,226.83912658691406,232.98352030654902,219.7385789976502,1.903686244804974,2
229.3168182373047,230.16477882059493,227.51117639639193,227.51117639639193,38168300,55.09860317452873,0.44404086291682815,226.29692001342772,226.99105041503907,232.7772934063264,219.81654662052904,2.14400471789068,2
232.30960083007812,232.68869124314412,229.1871434272115,230.9030055193102,90152800,60.23994814687269,0.6779748083385749,226.2832778930664,227.32599670410156,232.7116058687224,219.85494991741044,2.576697750342528,2
234.49432373046875,235.00310615337486,232.76849125195545,232.76849125195545,45986200,63.52344485593944,0.9296425656808419,226.36541900634765,227.69527069091797,233.1589714263744,219.5718665863209,3.0807027327014707,1
234.36463928222656,235.12282010257627,233.24733940643014,233.9057547855541,33498400,63.189854704131044,1.029413779506062,226.61895065307618,227.98422424316405,234.16728964528838,219.070611660864,3.2648135383790495,2
236.7588653564453,237.2377059705746,233.40695061340287,234.24492549364632,28481400,66.66984805181369,1.1874728416827827,227.20095977783203,228.1580355834961,235.90359710252173,218.49832245314232,3.921539076980836,2
239.013427734375,240.21053691361496,236.58928278806928,236.69901868412032,48137100,69.58573076396587,1.3621603791388615,228.04517211914063,228.3902911376953,237.8251215137233,218.26522272455796,4.191004321012691,2
242.06607055664062,242.1758064568113,238.32509471728144,239.232908507596,38861000,73.02659087819521,1.5859399038373607,229.08685913085938,228.7180780029297,240.10235361672565,218.0713646449931,4.986520858997833,1
242.42520141601562,243.5225604021956,240.66944226019712,242.28553892887177,44383900,73.40774983926626,1.6532501238266408,230.0747543334961,229.0351107788086,242.107106197044,218.04240246994817,5.333279783024567,1
242.4551239013672,243.95151419061432,241.54732536132988,243.40284992887905,40033900,73.44142461344981,1.5941825011919288,231.10051803588868,229.37267211914062,243.66984986472394,218.53118620705342,5.343458056407282,1
242.25559997558594,244.04130085085734,241.49743440151175,242.32543882662802,36870600,72.77960248308167,1.44072391920926,231.87913970947267,229.6833233642578,245.1662638334478,218.59201558549753,4.805823916143782,2
246.1562042236328,246.64503053466012,241.16823655952678,241.24804586880077,44649200,77.12040574251449,1.494524365176197,232.8662582397461,230.06660552978516,247.26914182632842,218.46337465316375,4.545135272756319,2
247.1737518310547,247.612695417372,244.7495916510093,246.2958646584201,36914800,78.10147146966037,1.4880141835106029,234.04042587280273,230.36640350341796,249.07471912941384,219.00613261619162,4.460244950570285,0
245.89683532714844,250.19646101706442,245.66737785476369,247.3632990378159,45205800,73.82350950328743,1.294224918719455,235.15074768066407,230.7759875488281,250.24342783156771,220.05806752976042,4.13879774968898,2
247.36329650878906,248.1414182384854,245.08876927344312,246.2958641332418,32777500,75.48429965812244,1.165337660782476,236.29000015258788,231.20354095458984,251.45809579123122,221.12190451394454,3.5192371702209084,1
247.5328826904297,248.69007959411312,245.647431564018,247.223631137632,33155300,75.67649114254104,0.9984666334020114,237.28310470581056,231.65660858154297,252.66323569079904,221.90297372082208,2.945461039527479,2
250.43588256835938,250.77507595019196,247.05404098232512,247.3932343641577,51694800,78.74787092328596,0.9887001391166628,238.58197174072265,232.14521484375,253.79727448279309,223.36666899865222,2.9106520900058657,2
252.8699951171875,253.21915892963332,249.1789022262073,249.47818331943677,51356400,80.92304793595511,1.0457389567760318,239.85190811157227,232.7843453979492,255.38234460044373,224.3214716227008,3.492485219926348,0
247.4530792236328,253.66808268004456,247.14382766353577,251.55318925842403,56774100,64.98304672952469,0.6382422362818918,240.83802947998046,233.23382354736327,255.65272846212932,226.0233304978316,3.197067252559734,2
249.1888885498047,251.3935770141874,246.49538898335234,246.90440599607692,60882300,67.21183031326767,0.4159608217597297,241.87502822875976,233.64288208007812,255.9613042152416,227.78875224227792,2.83118987193729,2
253.87759399414062,254.3863612366688,245.09876750312787,247.44310326755718,147495300,72.33417486192168,0.5089200047603901,243.17040405273437,234.15567962646483,256.6557280452852,229.68508006018357,2.7632610376549405,2
254.6557159423828,255.03479114956258,252.8400883307868,254.15691915529422,40858800,73.08565048985149,0.5438685785630852,244.43734893798828,234.7137353515625,257.22138099623913,231.65331687973745,3.1426065810412447,2
257.57867431640625,257.58862955018265,254.67565812568793,254.87518901917565,23234700,75.75028451031221,0.6762640278447343,245.7008026123047,235.2555126953125,258.43534801543217,232.96625720917723,3.871519790045737,2
258.39666748046875,259.47408555117545,257.0100282923795,257.56867823862046,27237100,76.45287661807613,0.7269215979617076,246.8959197998047,235.7628286743164,259.6855792722539,234.10626032735544,4.160790427992671,0
254.9749298095703,258.0774615569102,252.4510193654514,257.20952960207876,42355300,67.62626996019159,0.45146537694509004,247.9264343261719,236.24296508789064,259.79972497916805,236.05314367317575,3.9207783072837357,0
251.59307861328125,252.88995321263158,250.14657107718884,251.62300520062965,35557500,60.22556194151942,-0.01243629949313263,248.66814498901368,236.64809020996094,259.46260786717255,237.87368211085482,3.515981913024143,0
249.81736755371094,252.67048563095815,248.82974448856297,251.83251072711272,39480700,56.71590101387504,-0.46760498802308437,249.20834197998047,236.96090087890624,259.05591056917996,239.36077339078096,3.5730797288447724,0
243.26319885253906,248.5005651105234,241.23808511721737,248.3309608077005,55740700,46.049075023459174,-1.1973235511190534,249.2681983947754,237.11313171386718,258.9546225596384,239.5817742299124,4.728653606868608,1
242.7743682861328,243.5923870862029,241.3079045417172,242.7743682861328,40244100,45.36379950185539,-1.6710669512062957,249.28565673828126,237.26794250488283,258.9238224502998,239.64749102626274,5.418467214890552,2
244.41041564941406,246.73481040856498,242.61474424512696,243.72207367593157,45045600,48.145151036336074,-1.8201222213518893,249.3834213256836,237.55711700439454,258.7790780883486,239.9877645630186,5.849468279191606,0
241.62713623046875,244.9590949760797,240.76920518354387,242.3952722906863,40856000,44.037931444173964,-2.0357382225144947,249.35199813842775,237.79441253662108,258.846482884368,239.85751339248748,6.461829956095925,1
242.11595153808594,243.12353076570005,239.47233471944105,241.33782978685954,37628900,44.92653982662325,-2.0683129528775104,249.14998550415038,238.02474334716797,259.07024046582137,239.22973054247942,6.652291456321871,0
236.28004455566406,239.58207685657038,232.43930319937854,239.43242868693397,61710900,37.30952773363525,-2.383368236858682,248.60530014038085,238.09869537353515,259.9882130373466,237.22238724341508,6.883384570836011,0
233.83592224121094,234.10527676213235,229.16719172961072,232.96802072299363,49630700,34.65920065054168,-2.6370731886995453,248.00225448608398,238.1183837890625,261.05123138667045,234.95327758549752,6.550636513979737,0
232.71861267089844,235.55177458449063,231.9105643637605,234.1850763475817,39435300,33.48807062470203,-2.7483407952286028,247.27002029418946,238.18687591552734,261.9249654825056,232.6150751058733,6.205426955174992,2
237.2975616455078,238.38495013235746,233.86583756026477,234.07533889356793,39832000,42.11972648251986,-2.3947126639480665,246.75825424194335,238.43045349121093,262.0421008610274,231.4744076228593,5.288815654414074,0
227.710693359375,237.4372302632713,227.4812511099753,236.77883010316478,71759100,32.58500514747814,-2.6668059908069126,245.62199478149415,238.54208374023438,262.8930268966697,228.3509626663186,5.536012143141677,2
229.4265594482422,231.73099810398455,227.93016912923343,231.5614090278119,68488300,35.40353431310862,-2.589433530725039,244.44982299804687,238.7059683227539,262.7458424262519,226.15380356984184,5.851046609780352,0
222.10421752929688,223.87993275191027,218.85206818023312,223.46094530610958,98070400,29.69746874202525,-2.8679741552271425,243.18237991333007,238.69470672607423,263.83135049752565,222.53340932913449,7.0433234949198695,2
223.29136657714844,223.58066200952604,219.26108010259503,219.26108010259503,64126500,31.621661646115072,-2.805400119151486,241.88750381469725,238.72173706054687,264.05928820052776,219.71571942886678,6.991784121073363,1
223.1217803955078,226.4836658384098,221.76505253825962,224.19918327232872,60234800,31.489072670748456,-2.6124918551042473,240.34971313476564,238.6505093383789,263.23654001700265,217.46288625252862,6.795246101359361,0
222.24388122558594,225.08702882156655,220.877182986192,224.23906824814947,54697900,30.769811812140745,-2.3872536746984636,238.72912139892577,238.56711029052735,261.9225140140389,215.53572878381263,5.970837896923434,2
229.30685424804688,231.59133678218907,223.44099929694335,223.4809115633434,94863400,42.2072224905554,-1.6413501406500752,237.3155303955078,238.67943939208985,259.14750688674053,215.4835539042751,5.378394786441109,2
237.68663024902344,239.61199368769647,230.25456145518996,230.2944737209622,75707600,52.280247867774484,-0.5204288869260374,236.28002853393554,238.9593640136719,255.86295007168707,216.697106996184,5.9425005075504425,2
238.7839813232422,239.28277807440017,233.446849997024,233.55658589116152,45486100,53.425065939674816,0.31322448078739473,235.47048110961913,239.24347869873046,253.14032652484374,217.80063569439451,6.6851072604101285,0
237.0182342529297,240.21053038482776,236.63915907674937,238.09563705158317,55658300,51.29270138806466,0.7396922789555882,234.74173889160156,239.43042755126953,250.82249304127245,218.66098474193066,6.647514716370103,0
235.4320831298828,246.59515764263173,232.87824601959832,246.59515764263173,101075100,49.38583805692973,0.8983633894010508,234.02247467041016,239.64989837646485,248.55387821805542,219.4910711227649,6.915204080782613,0
227.46128845214844,231.27210292869276,225.1568499027089,229.4365345420127,73063300,41.11410392657118,0.47136633441145603,233.2323791503906,239.6496987915039,247.3814540875589,219.08330421322233,6.956113705198676,2
232.23977661132812,232.5689843025687,226.10456727432145,226.70312948058964,45067300,46.86037607725321,0.5122228175855184,232.70564956665038,239.73988128662108,246.16201185319878,219.24928728010198,6.455691090882763,1
231.91058349609375,232.11009917003332,227.7206934550818,227.98006230899622,39620300,46.52356004475954,0.5170513244195676,232.08065795898438,239.8091146850586,244.41910778662069,219.74220813134806,5.915572522696344,2
232.6587677001953,233.23737378273856,229.875473186273,230.7334042435517,29925300,47.4480836794591,0.5666223143676565,231.6322395324707,239.90288848876952,243.17662433657102,220.08785472837036,5.127351016297804,0
227.08221435546875,233.43688010961284,226.71309440770742,232.04025529180169,39707200,41.66605872863492,0.23671701122404532,230.88055267333985,239.8581964111328,241.51876635362086,220.24233899305884,4.198949844062301,1
227.3518524169922,230.2880044885276,226.90244480659103,229.26935130196645,33115600,42.03387890045627,0.05880825220774666,230.43414306640625,239.75904144287108,240.87607328744494,219.99221284536756,4.427146085286431,2
232.3153533935547,234.92193591818142,227.83124330015124,227.90114370319637,53718400,48.474503770433095,0.2849115831317075,230.35811462402344,239.7154620361328,240.72171224227375,219.99451700577313,4.075194127567881,2
236.55978393554688,236.64967765066982,230.377888084301,230.89721134547665,45243300,53.25731682716731,0.7058503884059562,230.55017318725587,239.75936492919922,241.21949180983893,219.8808545646728,3.7229336466085523,2
241.21368408203125,242.02262084431055,235.2614980047627,236.5997394445533,53614100,57.87461019433118,1.2513646044207407,230.74597930908203,239.84846130371093,242.02949128187257,219.4624673362915,4.505134273397821,2
244.2796630859375,245.22841586050225,240.67439035154717,240.93404435379279,40896200,60.63351827948836,1.7421739871334332,231.57442779541014,239.9537860107422,244.19828861598305,218.95056697483724,5.83449689631528,1
244.14984130859375,244.85890295305822,241.52328070167576,243.83025306858283,48822500,60.45297802235102,1.9650470944669616,232.31059188842772,239.99546142578126,246.0182411780747,218.60294259878074,6.3412789285105085,1
244.54930114746094,245.68780753699892,242.84154918255663,244.33958470767533,32204200,60.8393639315734,2.037598335046068,233.43284606933594,240.03794342041016,247.28871185301682,219.57698028565505,6.919468187610033,2
245.508056640625,246.4568094488268,243.9700649298591,244.61922281669615,32316900,61.803959508272726,2.043176329116873,234.54368057250977,240.0990020751953,248.5308684332527,220.55649271176685,7.306540833771682,1
245.22842407226562,248.36431123309396,244.89885442060717,245.6278941258364,53197400,61.329467076821444,1.9227965369650506,235.64901275634764,240.1584585571289,249.34190051991442,221.95612499278087,7.448196086260104,2
246.77639770507812,248.53408727873096,244.09989957647335,244.609226181644,51326400,63.02192462530769,1.8420304681274036,236.87563858032226,240.17086242675782,249.9255795972584,223.82569756338611,6.54788200192256,1
246.71646118164062,249.67259136851834,244.58926106556868,247.67521063757022,48013300,62.90712244935441,1.683515974563942,237.74611892700196,240.16171661376953,250.98171770643438,224.51052014756954,4.746786440817638,0
240.0452117919922,244.65915630674968,238.8168269352331,244.01001367840516,44433600,51.63292796803198,1.0588242509695047,237.8640480041504,240.0446841430664,251.1374011525064,224.59069485579437,3.2585047006063883,0
236.98922729492188,242.14247324939222,236.74953612071198,239.09646458024955,41153600,47.43874344443707,0.40299352823057877,237.77431030273436,239.83720275878906,251.04583994980575,224.50278065566297,3.1581199053910103,2
241.5232696533203,241.77294223985544,229.89851463379637,236.63967447024518,56833400,53.476951270129646,0.24548449274672968,237.99956207275392,239.71701049804688,251.36470908942974,224.6344150560781,3.1341466901509643,0
237.71826171875,243.71040379171194,235.80077808405883,241.47333193183624,47184000,48.44699888636127,-0.12416749632029411,238.11387100219727,239.46265808105468,251.42823636466844,224.7995056397261,3.619796164535742,0
235.6210174560547,239.75561031847352,234.3726544629493,237.39870037793833,53798100,45.88518345269581,-0.49814031998107366,238.52185745239257,239.11767852783203,250.97793524576645,226.0657796590187,4.248169099734394,1
235.4312744140625,236.2402111793479,228.92979032203158,235.11168617953675,47227600,45.649991107266274,-0.7323494514923352,238.6814323425293,238.87724243164064,250.8908324169376,226.47203226812098,4.618680964564075,1
235.0218048095703,237.54849020730907,232.8546485518437,234.13297099659667,45170400,45.11260172860235,-0.8790330421093209,238.8369934082031,238.59390075683595,250.77359045728247,226.90039635912376,4.710233554018278,2
238.7569122314453,241.05388787370777,234.45254396930395,234.80209169163373,46273600,50.80194837984536,-0.6966672056938313,239.14190063476562,238.29148712158204,250.7383511030773,227.54545016645395,4.359971388023073,0
227.1820831298828,235.85072354308846,223.92635798057333,235.23152514577004,72071200,37.74491807241639,-1.2930760182906766,239.14689407348632,237.74201446533203,250.72263612509119,227.57115202188146,5.054232237701441,0
220.55078125,225.54423318142804,217.16522145004404,223.51689291637274,76137400,32.57876207387744,-2.0279094179264914,238.8068405151367,237.00145660400392,252.03082400152192,225.5828570287515,6.357889732755466,0
216.69583129882812,221.4595886104368,214.6285501658544,219.85169651198805,62547500,30.00751566070275,-2.62918117613161,238.0258644104004,236.1674398803711,254.20565146852687,221.84607735227394,8.256015608941532,0
209.4053955078125,216.55602242060417,208.14705109128238,215.6671885752157,61368300,25.85201835354914,-3.3284716705357713,236.66814498901368,235.25604919433593,257.1085038602891,216.2277861177383,10.81810587317887,2
213.21041870117188,213.66980775083542,209.30553558500114,210.97334672214788,60107600,31.20663083222749,-3.3368679150262737,235.2679817199707,234.48839599609374,257.9811286057822,212.55483483415915,11.107412088308948,2
213.71974182128906,214.93814530685134,209.69502079955336,213.0306430192638,48073400,31.915389584116255,-3.1145033658671863,233.73998565673827,233.76644348144532,257.88892356127815,209.59104775219842,11.117118550155864,0
212.4114532470703,214.8682229774316,211.21302787332291,213.87952928252258,42432400,31.03100228020253,-2.8680562878250098,232.1530662536621,233.14940856933595,257.49879940860245,206.80733309872176,10.973015476884376,2
214.95811462402344,218.47349365471302,213.470060528986,213.93944620866878,54385400,34.817401115960365,-2.3668831298545765,230.67350692749022,232.59308349609375,256.4038343712573,204.94317948372318,10.114380064235865,0
213.81961059570312,217.20517028159983,211.94206785632258,213.70975404736055,48862900,33.92082552838389,-1.962108966461635,229.08908462524414,231.98126739501953,254.8729199782378,203.30524927225048,8.796498298466185,2
217.98414611816406,218.5533916912833,211.0032951126973,211.2829271905112,94127800,40.00653463933179,-1.296075117321669,227.72687072753905,231.50840759277344,252.82571402737764,202.62802742770046,5.003961330045559,2
220.44091796875,221.1899357355996,218.29373979930335,220.71056863168138,44299500,43.32271800217876,-0.6072348240676586,226.41009674072265,231.0749069213867,250.09672769507097,202.72346578637433,3.5809827598860537,2
223.45697021484375,223.80651793975238,219.79177838679217,220.48087718007702,34493600,47.182569312869674,0.09686593935112064,225.24712219238282,230.81844543457032,247.0398033184224,203.45444106634324,4.128729184178971,0
221.2398681640625,224.7253029108424,220.18125884970436,223.21727075576553,34466100,44.76894365624088,0.4394330856413049,224.30685501098634,230.56652435302735,245.06256427329492,203.55114574867775,4.495267115171142,2
223.5568389892578,224.69534536875565,220.271139232742,221.1000540446544,37094800,47.77558402398429,0.8257924105449836,223.63523559570314,230.38328887939454,243.55856784416108,203.7119033472452,4.392257588129405,0
217.6146240234375,223.51688772665744,217.39491092445158,221.3796909591809,39818600,41.53125640446237,0.6903821402052301,222.43980331420897,229.98963012695313,240.72849202541562,204.15111460300233,4.129542993494786,2
221.83909606933594,225.32451569687797,215.9468137615173,216.72579102857173,65299300,46.84980691464459,0.8822759193556067,221.64584503173828,229.87219818115236,238.53787177079934,204.7538182926772,4.008313168607328,2
222.897705078125,223.3870536043053,218.61331487709137,219.5221267668628,36412700,48.123280266998684,1.0652092785194327,221.0096794128418,229.74162109375,236.66132732709556,205.35803149858802,3.511937901135383,2
223.59678649902344,224.89508702876748,220.73055001137135,221.03016017035932,35905900,48.99243375134952,1.2075647129048548,220.41795501708984,229.77147247314454,234.67683560179495,206.15907443238473,3.2462688120956367,0
202.9239044189453,207.2182761783418,200.9864426085102,205.27081771109022,103419000,31.94689906783931,-0.04963688301211233,218.81305999755858,229.36412322998046,233.35839598363464,204.26772401148253,6.23980510227244,0
188.13330078125,199.61824028069563,187.09465424061224,193.6360793511012,125910900,25.193288313982904,-1.7426427258973485,216.28187942504883,228.6643536376953,233.4468838035496,199.11687504654805,11.767044055582135,0
181.2223663330078,193.89573468350994,174.39131242893686,176.967935484531,160466300,22.771004314882177,-3.1132181494078797,213.98389358520507,227.84392333984374,236.24564156514336,191.72214560526677,16.079081471475195,0
172.19419860839844,190.09072892121037,168.9884109270566,186.4554964395268,120859500,20.05786312091287,-4.337873831653629,211.566064453125,226.70167022705078,240.07663706759644,183.05549183865355,19.954770406908214,2
198.58958435058594,200.3472738997123,171.6648855169899,171.72480450043201,184395900,41.866545176044184,-3.13633605420379,210.6607521057129,225.91972930908204,239.6087968516298,181.712707359796,19.505083170953377,0
190.17062377929688,194.52491452460524,182.76034285398336,188.82240088513313,121880000,38.27951341148672,-2.6917157199179496,209.69901351928712,224.94746215820314,239.99659457629804,179.4014324622762,18.87171451963543,2
197.89048767089844,199.27866665425725,185.81632494094944,185.856281088865,87435900,43.09412293553969,-1.7087472691143244,208.93301696777343,224.1649072265625,239.60904471437976,178.2569892211671,18.062286718398415,2
202.25477600097656,212.6611277249045,200.8965565016436,211.1630921847052,101352900,45.67416402315926,-0.6501318913127072,208.35976867675782,223.50136108398436,239.0850263227959,177.63451103071975,16.41095982540146,1
201.87527465820312,203.24347561495443,199.53834280484799,201.59564256833872,51343900,45.48106295660681,0.09914735494811922,207.83295974731445,222.98964080810546,238.62350780652784,177.04241168810105,14.04070793287118,0
194.0155792236328,200.4371508814261,192.11805840887246,198.10021911176236,59732400,41.56195590589338,0.1376677618631703,206.78583297729492,222.22515686035158,237.9579741677969,175.61369178679294,10.123283741773495,2
196.72203063964844,198.56961397436802,194.16538565496842,196.94174374665747,51334300,43.37150649816384,0.40267202946287206,205.9309539794922,221.52138580322264,237.2221721081981,174.63973585078628,9.62026690588478,0
192.9070281982422,193.54618940120912,189.56140949031536,193.01688474432112,46742500,41.424310729983034,0.37863831072915666,204.6770980834961,220.7263510131836,235.9456182587668,173.4085779082254,9.507943678155105,2
199.47842407226562,201.32599215129426,195.71335703344474,195.8631544964882,52976400,45.92758472952714,0.83667375167746,203.62897338867188,220.17427520751954,234.1089952270462,173.14895155029757,8.764938962663905,2
204.33206176757812,207.7276030292648,202.5344160012944,205.7302222309065,52929200,49.043630647948106,1.4613195653098678,202.6727279663086,219.71387939453126,231.7732964326219,173.5721594999953,4.47457399793588,2
208.09710693359375,208.5565112075726,202.67422555441442,204.62166872266098,47311000,51.38405357452176,2.0848464920795697,202.01558990478514,219.22951446533204,229.98079689036837,174.05038291920192,5.538907561746763,2
209.00592041015625,209.47530610539675,205.92995222724628,206.0997277622984,38222300,51.95765381747902,2.4879559897900148,201.28804397583008,218.67843719482423,227.68697143742523,174.88911651423493,5.490395293835688,2
209.8647918701172,211.2230113707532,207.1883090170199,209.72497582911666,38743100,52.527698586445595,2.7229227093962027,200.90055236816406,218.05145935058593,226.54628202861164,175.25482270771647,6.092532757132566,2
210.9333953857422,211.96204522644123,208.09710321217068,208.41669143858087,36827600,53.27062843520357,2.8473619676225006,200.3552673339844,217.38453399658204,224.62378958155145,176.08674508641732,6.739526860175305,2
212.22171020507812,213.30029766677714,206.399343338795,209.02590396975114,52286500,54.201204051669464,2.9035331910171607,199.82146759033202,216.74597137451173,222.50078849745486,177.14214668320918,7.360477392836381,2
213.04063415527344,214.2790004444518,208.62640936955898,208.80618155790114,57365700,54.81714860137571,2.8773975762494617,199.29365997314454,216.11579803466796,220.15351108425156,178.43380886203752,7.013117348628266,0
205.08106994628906,206.71892151455646,201.89524528415058,205.82009105417706,101010600,48.05265424527631,2.2342629246993377,199.40151824951172,215.30725830078126,220.35742296962883,178.44561352939462,6.290289303824635,0
198.62953186035156,203.83271551835597,197.9504297070337,202.83402512431957,69018500,43.37996642208017,1.3292657783141641,199.92632980346679,214.37528045654298,220.2431425846234,179.60951702231017,5.0558400189812085,1
198.25001525878906,200.38721199140494,196.7619763948813,197.9504203457911,51216500,43.114369145162755,0.6920522993282119,200.77771224975587,213.4047528076172,219.2294826118338,182.32594188767794,5.271085694367901,0
195.99298095703125,199.1788056079939,192.99690991055434,198.90915494694545,68536700,41.48753203133904,0.1346880981693528,201.9676513671875,212.390283203125,215.23336994454553,188.70193278982947,6.291394043566954,2
197.2313690185547,199.78801395815432,194.42503624466005,197.46106353953903,50478900,42.763668462221716,-0.12064746229928813,201.89974060058594,211.53400634765626,215.24758869038095,188.55189251079094,6.82598876722921,2
198.27000427246094,200.2773664943336,197.28129528859796,198.739389980464,36453900,43.86937419465369,-0.1857649876007481,202.30470962524413,210.75962188720703,214.65904529598603,189.95037395450223,6.973014661984357,2
210.7899932861328,211.27000427246094,206.75,210.97000122070312,63775800,55.12351149046171,0.6048926050783172,202.94968490600587,210.14495635986327,215.6567134368188,190.24265637519295,7.065712814093912,2
212.92999267578125,213.39999389648438,209.0,210.42999267578125,51909300,56.72080910452938,1.2266805242195327,203.4834457397461,209.64919097900392,216.9055804630672,190.06131101642498,7.30613785998084,0
212.3300018310547,213.94000244140625,210.5800018310547,212.42999267578125,49325800,56.11771839433829,1.5323734246716079,204.00618209838868,209.18337066650392,217.94159581374802,190.07076838302933,7.319345030590327,0
211.4499969482422,212.9600067138672,209.5399932861328,210.9499969482422,45029500,55.190819831935954,1.6025567334633166,204.87790298461914,208.7037451171875,218.37885898587425,191.37694698336404,7.121809258963608,1
211.25999450683594,212.57000732421875,209.77000427246094,212.36000061035156,54737900,54.97966884983173,1.561829860641558,205.60480117797852,208.22850891113282,218.83374129848278,192.37586105747425,7.476052738529413,0
208.77999877929688,209.47999572753906,204.25999450683594,207.91000366210938,46140500,52.17387481939244,1.3040198567858217,206.39844970703126,207.62897064208985,218.32552114111408,194.47137827294844,7.243718347871242,0
206.86000061035156,208.47000122070312,205.02999877929688,207.6699981689453,42496600,50.04453539935082,0.9564267893133948,206.76752853393555,207.22252899169922,218.26428508358669,195.2707719842844,6.750996617003263,0
202.08999633789062,207.0399932861328,200.7100067138672,205.1699981689453,59211800,45.117972679660284,0.38672021840971893,206.65542526245116,206.85331329345703,218.2879101389957,195.02294038590662,5.910690588606581,0
201.36000061035156,202.75,199.6999969482422,200.7100067138672,46742400,44.39763941995803,-0.0353953400117705,206.31856994628907,206.5465966796875,218.15298727997993,194.48415261259822,5.24363044736645,0
195.27000427246094,197.6999969482422,193.4600067138672,193.6699981689453,78432900,38.8281881010978,-0.6848577599113436,205.63177413940429,206.26388885498048,218.32572820790458,192.937820070904,5.884186951267566,2
200.2100067138672,200.74000549316406,197.42999267578125,198.3000030517578,56288500,44.86960056295169,-0.7373012115341381,205.1490348815918,206.00388061523438,217.89657369152212,192.40149607166148,6.135154818553506,1
200.4199981689453,202.72999572753906,199.89999389648438,200.58999633789062,45339700,45.11773003479239,-0.7129733600053156,204.62336502075195,205.7378857421875,217.23983928489625,192.00689075660765,5.8932900444492535,1
199.9499969482422,203.80999755859375,198.50999450683594,203.5800018310547,51396800,44.633523737412695,-0.6835725826196676,204.00977935791016,205.48865661621093,216.27723945833165,191.74231925748867,5.468081492001447,2
200.85000610351562,201.9600067138672,196.77999877929688,199.3699951171875,70819900,45.83234882002804,-0.5635445691298455,203.40024795532227,205.2064944458008,215.00585129690242,191.79464461374212,4.799320028461083,2
201.6999969482422,202.1300048828125,200.1199951171875,200.27999877929688,35423300,46.99953627280448,-0.3949128462561018,203.23119430541993,204.96410217285157,214.8324377974025,191.62995081343738,3.741419891569075,2
203.27000427246094,203.77000427246094,200.9600067138672,201.35000610351562,46381600,49.17787561316286,-0.15780735762387832,203.46321792602538,204.6698193359375,214.87105525433742,192.05538059771334,2.9026140998637224,1
202.82000732421875,206.24000549316406,202.10000610351562,202.91000366210938,43604000,48.56180112505481,-0.018765579364865337,203.69171752929688,204.31740112304686,214.85313105089742,192.53030400769634,2.2302722470706535,0
200.6300048828125,204.75,200.14999389648438,203.5,55126100,45.56980940907121,-0.0594773497823764,203.92356872558594,203.86086181640624,214.61856006711514,193.22857738405673,2.1832993437215142,2
203.9199981689453,205.6999969482422,202.0500030517578,203.0,46607700,50.50353385365564,0.139135102146412,204.25800018310548,203.5144644165039,214.50389484205482,194.01210552415614,2.413959844543307,0
201.4499969482422,206.0,200.02000427246094,204.38999938964844,72862600,47.05505061586576,0.10943323716880982,204.41699981689453,203.0723275756836,214.3810848855964,194.45291474819265,1.3816963656056809,2
202.6699981689453,204.35000610351562,200.57000732421875,200.60000610351562,54672600,48.91065119476958,0.17342331718818516,204.01100006103516,202.77343505859375,213.55621047511687,194.46578964695345,1.3405294613120475,0
198.77999877929688,204.5,198.41000366210938,203.5,60989900,43.656713136882445,-0.03372034039537897,203.30350036621093,202.31225311279297,212.17321330440234,194.4337874280195,1.599140682121308,1
199.1999969482422,199.67999267578125,197.36000061035156,199.0800018310547,43904600,44.35176220691788,-0.12481572842996425,202.64700012207032,201.8382989501953,210.64825250185348,194.64574774228717,1.6997553467848439,0
196.4499969482422,200.3699951171875,195.6999969482422,199.72999572753906,51447300,40.802560470554795,-0.3404163357266832,201.89700012207032,201.2953631591797,209.2422066329831,194.55179361115754,2.342879351508153,2
198.4199981689453,198.69000244140625,196.55999755859375,197.3000030517578,43020700,44.24466996250414,-0.32075693348234324,201.25500030517577,201.2052850341797,207.35321146706275,195.1567891432888,2.473777291810809,0
195.63999938964844,198.38999938964844,195.2100067138672,197.1999969482422,38856200,40.65238651016672,-0.45707452655273073,200.59800033569337,201.35541900634766,206.11543725735672,195.08056341403002,2.772564298373139,2
196.5800018310547,197.57000732421875,195.07000732421875,195.94000244140625,45394700,42.35661634316156,-0.4455659324201404,200.08400039672853,201.6625717163086,205.0611139522146,195.10688684124244,2.769059789390549,2
201.0,201.6999969482422,196.86000061035156,198.24000549316406,96813500,49.674577864537945,-0.11890531522364167,200.02950057983398,202.23868774414063,204.94099582420552,195.11800533546244,2.7900989204546645,1
201.5,202.3000030517578,198.9600067138672,201.6300048828125,55595500,50.44104822620185,0.13826827913934592,200.0365005493164,202.29689605712892,204.95595348433807,195.11704761429473,2.4383299881986233,1
201.0800018310547,202.77999877929688,200.1999969482422,202.58999633789062,15235435,49.75554188583475,0.27938001376631383,200.3270004272461,202.51508361816406,204.7471065455567,195.9068943089355,2.4024147230880977,1
