Price,Close,High,Low,Open,Volume,RSI,MACD,Target
Ticker,AAPL,AAPL,AAPL,AAPL,AAPL,,,
Date,,,,,,,,
2023-08-08,178.01763916015625,178.48298124186843,175.81964489133262,177.9087289898081,67823000,30.00118859653081,-1.9393383176661074,0
2023-08-09,176.423583984375,179.13641237321562,175.25527360727992,179.0770095774785,60378500,28.12726621328052,-2.099877775702971,1
2023-08-10,176.20579528808594,178.95823610645982,175.83946791027196,177.700821310071,54686900,27.871122169569304,-2.1050335845834125,1
2023-08-11,176.26527404785156,177.08815781935616,175.03591791571532,175.7993186650753,51988100,28.063792803464608,-1.9900352977911913,2
2023-08-14,177.9209442138672,178.14896748076782,175.78937369863468,176.44371711975322,43675600,33.39709423479336,-1.6993542522831802,0
2023-08-15,175.92819213867188,177.94078172124355,175.53162857549793,177.34593637648265,43622600,30.469086878981102,-1.542757249855442,0
2023-08-16,175.0557403564453,177.00883168990967,174.98633341606396,175.61093536777827,46964900,29.25959049974857,-1.4033993983107171,0
2023-08-17,172.5077667236328,175.9876593304517,171.9922220355352,175.62083731111454,66062900,26.012027952898222,-1.3858813404901236,1
2023-08-18,172.9935760498047,173.59834528388794,170.48527458580276,170.82235510894964,61114200,27.66064399065816,-1.2488807856027684,2
2023-08-21,174.3319854736328,174.61950689363672,172.25000423465377,173.56859991663836,46311900,32.14643356694599,-0.9869153134483581,2
2023-08-22,175.7100830078125,176.15622081199353,174.73849165880682,175.5415427319188,42084200,36.511914948368606,-0.6555747329356856,2
2023-08-23,179.56671142578125,179.99303161559698,176.80064510070915,176.9890180826326,52722800,46.82282996053113,-0.138452361139203,0
2023-08-24,174.86737060546875,179.54689311295104,174.50053343712446,179.12057292485625,54945800,38.59711505134408,-0.07770037853704359,2
2023-08-25,177.07823181152344,177.6135940867137,174.3121656551708,175.8587845923081,51449600,43.61572257153589,0.13499281087655524,2
2023-08-28,178.6446990966797,179.04126265908485,177.0187642861302,178.5455506421133,43820700,46.92568732162728,0.39033868614908585,2
2023-08-29,182.5409698486328,183.31427930675537,177.9605961154563,178.1588778766287,53003900,54.13737256356466,0.80682573945947,2
2023-08-30,186.0406951904297,186.23899207960088,183.15566303930453,183.35394480054703,60813900,59.465197685917445,1.2753345010557045,1
2023-08-31,186.25881958007812,187.49809956371718,185.8721648302999,186.22907807070516,60794500,59.77881558082474,1.5395586064711737,2
2023-09-01,187.835205078125,188.2912516644068,186.66531684562548,187.86494658905943,45732600,62.06323555709609,1.7450620681360638,1
2023-09-05,188.0731201171875,188.350717612699,186.00104769428793,186.66529992482816,45280000,62.41023980942513,1.8135923296427559,0
2023-09-06,181.3413543701172,187.2304149251444,179.91370149278592,186.78426205503195,81755800,48.806851769511105,1.3437556842559704,0
2023-09-07,176.0372314453125,176.68166607969957,172.0517029915355,173.6776376395152,112488800,41.18886330120866,0.6491568435127444,2
2023-09-08,176.6519317626953,178.69427803391082,176.26527698438343,176.82048716548695,65551300,42.31262654242235,0.2263393441981426,2
2023-09-11,177.82180786132812,178.7537488345446,175.81912716109244,178.52572555213936,58953100,44.48669611511931,0.0309480646166701,0
2023-09-12,174.7880401611328,178.58519559094336,173.32073699502078,177.95068488711692,90370200,40.25036732953821,-0.2799913963319083,0
2023-09-13,172.71597290039062,175.77946927367296,172.48793449989455,174.99623588192003,84267900,37.61564854102584,-0.5850426261080768,2
2023-09-14,174.23284912109375,174.58976234555206,172.09136977434392,172.50776601489048,60895800,40.67703560574155,-0.6400405180749655,0
2023-09-15,173.50909423828125,174.9863213204115,172.329312484714,174.96648860625493,109205100,39.676568689947416,-0.6769598025605179,2
2023-09-18,176.44374084472656,177.84165239746525,174.65917451441445,174.9665135519817,67257600,45.52694930300491,-0.46559883154221793,2
2023-09-19,177.5343017578125,178.08949677364237,175.61093679016653,175.99759154247158,51826900,47.562215499736986,-0.22632454463191154,0
2023-09-20,173.98500061035156,178.1588871164402,173.89576095445636,177.72265814247962,58436200,42.05496980841324,-0.27768720331550045,0
2023-09-21,172.4383544921875,174.78803946069445,172.36896268457267,173.05304760725463,63047900,39.8875524199904,-0.3800852827739323,2
2023-09-22,173.29098510742188,175.56135441857745,172.55734106823024,173.17201907467273,56725400,41.6722119880953,-0.3551209715032646,2
2023-09-25,174.56993103027344,175.4522977411563,172.65647493916612,172.70604916227998,46172700,44.341517464056054,-0.22362121208203378,0
2023-09-26,170.4852752685547,173.69747930093746,170.1878450472042,173.32074847329434,64588900,38.311244228667434,-0.37402338355804865,0
2023-09-27,168.9683837890625,171.5560010147378,167.6002289663342,171.13960475321795,66921800,36.335022776232265,-0.5285107009415313,1
2023-09-28,169.22616577148438,170.55467030699108,166.18248681585104,167.88773731405627,56294400,36.93042708539721,-0.5629999310092044,2
2023-09-29,169.74169921875,171.58574835004075,168.87915010499984,170.54475018871184,51814200,38.17568600946756,-0.5027364152078597,2
2023-10-02,172.25991821289062,172.8052044328195,169.46409530048962,169.75161672914737,52164500,43.99276834655132,-0.2572902760942468,0
2023-10-03,170.92149353027344,172.14095595651972,169.3550569046923,170.78269477378157,49594600,41.744587694316635,-0.15417752150911612,2
2023-10-04,172.17068481445312,172.71597100628938,169.50375199905025,169.62271803074952,53020300,44.59070147378585,0.01980509174507805,2
2023-10-05,173.40997314453125,173.94533544106068,171.19908676207933,172.29956799243436,48527900,47.33941665665419,0.22840998015036096,2
2023-10-06,175.96783447265625,176.46354642551725,171.69478473153458,172.30947784007347,57224100,52.56934274448272,0.5314076826830396,2
2023-10-09,177.4550018310547,177.51448485548826,174.2923565899357,175.29368946640614,42390800,55.34609336503141,0.8081449587581808,0
2023-10-10,176.86012268066406,178.17871838563994,176.42389371024447,176.57261638357625,43698000,53.98464378760961,0.919202412997643,2
2023-10-11,178.25804138183594,178.30761560829964,176.07691156880261,176.6717569025772,47551100,56.68131328168767,1.045673804509904,2
2023-10-12,179.1602325439453,180.77624333047942,177.50454119898205,178.52572180730996,56743100,58.376677507318234,1.141157038408438,0
2023-10-13,177.3162078857422,180.36978082784793,176.61229011230088,179.86415997848457,51427100,53.74656754005339,1.0343541008411656,1
2023-10-16,177.1873016357422,177.54421488719547,174.99624790055657,175.2341951108354,52517000,53.42755396965736,0.9134582441623667,0
2023-10-17,175.63076782226562,176.8898806260753,173.30093033620963,175.13505578762425,57549400,49.59927955754142,0.6968769673728925,0
2023-10-18,174.3319854736328,176.05706860986896,173.60825021874456,174.07422069011992,54764400,46.59890170363395,0.4465362441650697,1
2023-10-19,173.9552459716797,176.31482459139443,173.68755728005698,174.53025852712355,59302900,45.73465944608551,0.2459839023398524,0
2023-10-20,171.39739990234375,173.91561041088508,171.1594526769345,173.80655315689722,64189300,40.273364203990816,-0.05260253417906641,1
2023-10-23,171.516357421875,172.51769024747387,168.47267838425373,169.44428482707696,55980100,40.628447944449654,-0.2260352042669359,1
2023-10-24,171.9525909423828,172.18061423977284,169.97965162202772,171.56593616509952,43816600,41.99043861388303,-0.2911692979168042,0
2023-10-25,169.63265991210938,171.57584256593557,169.18650699014253,170.4059694558874,57157000,37.11428328312056,-0.46023785412973695,0
2023-10-26,165.458740234375,169.91023915738614,164.24920182104776,168.9088912991807,70625300,30.297395900485242,-0.8028559139022093,2
2023-10-27,166.77734375,167.5110029440003,165.39926501775972,165.47858075180807,58499100,34.396836951955564,-0.8839409657570194,2
2023-10-30,168.82957458496094,169.70203248533966,167.42175441803172,167.57047708446643,51131000,40.28346882013146,-0.7480185206838195,1
2023-10-31,169.3054962158203,169.4343710606267,166.4600987883306,167.89767582228524,44846000,41.59236629122109,-0.5820967451846668,2
2023-11-01,172.47804260253906,172.73580740860803,168.66105397183955,169.5335119738121,56934900,49.53332548233698,-0.23265085586245604,2
2023-11-02,176.0471649169922,176.25535548295753,173.95525969593038,174.01474271477764,77334800,56.67048374263671,0.23934466919625108,0
2023-11-03,175.135009765625,175.30356512568912,171.86332329907071,172.74568988374673,79763700,54.54730807295742,0.4768789726914362,2
2023-11-06,177.6929168701172,177.8911986418375,174.69882732290304,174.86736758526175,63841300,59.16726776193599,0.775369946912575,2
2023-11-07,180.26072692871094,180.87540499500966,177.43516235233906,177.64335292992328,70530000,63.20996811180469,1.0952847497616167,2
2023-11-08,181.321533203125,181.87672821790486,180.03267898856913,180.78617090399572,49340300,64.76210813331002,1.3131872943778027,1
2023-11-09,180.8456573486328,182.54098393459674,180.2507968912838,181.39094357988108,53763500,63.4685043695549,1.3546672374123356,2
2023-11-10,185.04489135742188,185.2136688107188,182.19576071339824,182.63256439705196,66133400,69.29661336632918,1.5786614934034955,0
2023-11-13,183.45651245117188,184.67756614585693,182.8708053693486,184.46910132249658,43627500,65.06801454196537,1.5323600116414307,2
2023-11-14,186.07733154296875,186.74245888927783,184.94561983989882,186.33543591459554,60108400,68.4851864857041,1.5841982224880446,2
2023-11-15,186.6431884765625,188.12236184083608,186.414864785386,186.4843631662735,53790500,69.18606856309111,1.5600774543392304,2
2023-11-16,188.3308563232422,189.57176909575145,187.2785495679511,188.1918746986356,54412900,71.24043337791551,1.5576471398786975,1
2023-11-17,188.31097412109375,188.99596031021713,187.19912126214516,188.86690055056806,50922700,71.18022568177723,1.4564173347966296,2
2023-11-20,190.05816650390625,190.51482899547432,188.49958819031184,188.50951003765908,46505100,73.31455227699531,1.408019658808794,0
2023-11-21,189.25404357910156,190.12765081249867,188.3605926524781,190.01844990832404,38134500,70.71875192366304,1.2292450797474856,2
2023-11-22,189.91920471191406,191.52742272571234,189.44269847594794,190.09790401781393,39617700,71.61406196408309,1.0690890203596948,0
2023-11-24,188.58892822265625,189.51215989530726,187.8741613770549,189.48237920572873,24048300,67.18935917058417,0.7992174962147685,1
2023-11-27,188.41021728515625,189.28382451972067,187.52668820396536,188.5392770305871,40552600,66.59408728882522,0.5463942004462088,2
2023-11-28,189.01577758789062,189.69084183494422,188.02304763176124,188.40028986240463,38415400,67.64027739258216,0.3663148343238678,0
2023-11-29,187.9932861328125,190.693513100917,187.5962001689742,189.51216190888897,43014200,63.99587581596715,0.13653664659575027,2
2023-11-30,188.56907653808594,188.93639696992793,186.82187704243873,188.4598756228668,48794400,65.1350733126657,-0.010659027583887593,2
2023-12-01,189.84970092773438,190.1673666680402,187.85430382511626,188.94631294335792,45679300,67.59120518402153,-0.05337218934859367,0
2023-12-04,188.0528564453125,188.66835941071503,186.08725507958516,188.59886103241988,43389500,61.088476642384,-0.2246338698459005,2
2023-12-05,192.01385498046875,192.9867262414063,188.79740398889692,188.82719982806023,66628400,68.32324994140231,-0.0995253751591334,0
2023-12-06,190.92185974121094,193.3441084564195,190.71337975554792,193.03636454966008,41089700,64.74903441944119,-0.11745960984127457,2
2023-12-07,192.85768127441406,193.5823700079149,192.18261692775607,192.22233461466143,47477700,67.94992296773788,-0.030614206779874475,2
2023-12-08,194.28721618652344,194.56517940505597,192.26203828251843,192.7881840281593,53377300,70.10847137868352,0.08511221035611083,0
2023-12-11,191.77560424804688,192.08336332058192,190.02840462687192,191.70612101402028,60943700,62.18426663200001,-0.0388346551298735,2
2023-12-12,193.29449462890625,193.30441647720014,190.32622602015354,191.6763396332624,52696900,64.77706813296417,-0.0492008373527586,2
2023-12-13,196.52084350585938,196.5605460420224,193.43345250504257,193.67169801773704,70404200,69.55255044644947,0.12124471561852346,1
2023-12-14,196.66976928710938,198.16878635020208,194.73394853732478,196.58042720970235,66831600,69.75638074621081,0.19941422999096936,0
2023-12-15,196.13369750976562,196.95765018105735,195.56783406915136,196.09397982207716,128256700,67.99191656462699,0.1714796866634556,0
2023-12-18,194.46591186523438,195.20053764226134,192.97681661429394,194.66445486912104,55751900,62.67990278855393,0.005891378461008845,2
2023-12-19,195.50827026367188,195.5181921115413,194.46590061872467,194.73394198979324,40714100,64.54434507041685,-0.06435359624237558,0
2023-12-20,193.4136199951172,196.24289187855894,193.4136199951172,195.46856356116558,52242800,58.24698190825344,-0.2712067486075558,1
2023-12-21,193.26467895507812,195.64724016492798,192.09326476649224,194.67436895686498,46482500,57.81503647313994,-0.4280509236634673,0
2023-12-22,192.19256591796875,193.9894050921648,191.56714106698067,193.76106624785666,37122800,54.67212400117914,-0.6032674752617746,0
2023-12-26,191.64654541015625,192.48043504376977,191.42814358023,192.20247183256527,28919300,53.08923305651797,-0.7458653706020764,1
2023-12-27,191.74581909179688,192.09328069742187,189.7007974418798,191.09062871652011,48087700,53.3536641010914,-0.8176621611240091,1
2023-12-28,192.1726837158203,193.24483398097485,191.7656607623355,192.72861011674675,34049900,54.54027259864433,-0.8185487783014795,0
2023-12-29,191.1303253173828,192.98672576072192,190.33613820624774,192.4903607097449,42628800,51.12050463292812,-0.8668405373268824,0
2024-01-02,184.29042053222656,187.07006792285642,182.55314280656535,185.78943757371047,82488700,35.42420908043249,-1.3103235484124776,0
2024-01-03,182.91050720214844,184.5286619910614,182.09646131024977,182.88072651321147,58414500,33.20885870609314,-1.6268262763549795,0
2024-01-04,180.58753967285156,181.7589539428833,179.5650288616003,180.82578520690032,71983600,29.827193110972985,-1.903624276536212,0
2024-01-05,179.86282348632812,181.4313387856725,178.8601715873943,180.66694755236284,62303300,28.84048483427317,-2.034690502329515,2
2024-01-08,184.21099853515625,184.2507162227342,180.18051667398524,180.76622380895435,59144500,41.372038558220815,-1.7391666284257137,1
2024-01-09,183.79405212402344,183.80397397190293,181.40156892129536,182.58292017691045,42841800,40.63309754053684,-1.4918912010941479,2
2024-01-10,184.83644104003906,185.04490590225782,182.5829392119836,183.0098210810569,46792900,43.35695079127344,-1.1912878587192606,0
2024-01-11,184.24078369140625,185.69017636593313,182.28510409693843,185.1838742981323,49128400,42.16637516472027,-0.9748388360917348,1
2024-01-12,184.56838989257812,185.38243589635255,183.84370111575322,184.70737150933715,40444700,43.09195149951269,-0.7613403484392962,0
2024-01-16,182.29502868652344,182.92043833380222,179.61464536328148,180.83571426310817,65603000,38.48868691573254,-0.7251355573978162,0
2024-01-17,181.3519287109375,181.6001112377356,178.98924135636386,179.95219077216925,47317400,36.735494289086176,-0.7154060410035381,2
2024-01-18,187.2586669921875,187.76495384502815,184.47901992929332,184.73712427915873,78005800,51.604349970518385,-0.28400952101409715,2
2024-01-19,190.16737365722656,190.55453778649462,187.4473029046773,187.9535897974558,68741000,56.96783974159739,0.1983851307041291,2
2024-01-22,192.48043823242188,193.90997199821769,190.86228332421425,190.90200101096366,60133900,60.69800631070365,0.6489918521422089,2
2024-01-23,193.7610626220703,194.3269260762536,192.42088601370864,193.60223731108647,42355600,62.62945511785455,0.9886858614034673,0
2024-01-24,193.08599853515625,194.9523359132993,192.92715808853583,193.99930838143553,53631300,60.92962681090451,1.1139937253273042,1
2024-01-25,192.75840759277344,194.84314692565724,191.70611607825748,193.80077725921535,54822100,60.077489145672125,1.1179955687007574,0
2024-01-26,191.02113342285156,193.34411833566054,190.54462719280716,192.85769025735726,44594000,55.63382407988217,0.9532445368861951,0
2024-01-29,190.33612060546875,190.80270492206986,188.2017571427803,190.6140837964833,47145600,53.93967022204748,0.7563392176396799,0
2024-01-30,186.6729736328125,190.40564874926815,186.10712531543376,189.55190020112778,55859400,45.89166766852596,0.3578209017745754,0
2024-01-31,183.05943298339844,185.7398164976455,183.00980859435379,185.6802399646441,55467800,39.61283352126929,-0.14382333239527575,2
2024-02-01,185.50155639648438,185.59089847447947,182.48366340616798,182.6524257138898,64885400,45.08152000511661,-0.29702173879420907,0
2024-02-02,184.4989013671875,185.96813772334343,177.9468764270477,178.55244241438749,102518000,43.345898599338796,-0.4429508771902947,2
2024-02-05,186.31558227539062,187.87417583998953,184.48896248395178,186.78216664518396,69668800,47.30450001444741,-0.3957409249627939,2
2024-02-06,187.92381286621094,187.9337347140823,185.4122068995574,185.50154897397763,43490800,50.595524141371094,-0.2423507948241987,1
2024-02-07,188.0330047607422,189.66108145721643,187.23881768122482,189.2540584961332,53439000,50.820104568514466,-0.1255627313953661,0
2024-02-08,186.95095825195312,188.1620751580878,185.98800874758206,188.0131716874575,40962000,48.46880414417995,-0.11357422663460576,2
2024-02-09,187.71630859375,188.8494643803939,186.8714052160575,187.5174970927484,45155200,50.22308678185024,-0.049745102387107665,0
2024-02-12,186.02650451660156,187.537383976275,185.66866504371018,187.28888476363343,41781900,46.46220311626155,-0.11333815050861723,0
2024-02-13,183.92918395996094,185.09217370700773,182.4083698811328,184.6548126341336,56529500,42.2348316751082,-0.27921172414569884,0
2024-02-14,183.04452514648438,184.41624573755993,181.34479892181088,184.20751487981576,54630500,40.55854365700996,-0.42247176340191767,1
2024-02-15,182.75628662109375,183.38250957635185,180.2613596441227,182.4481499819002,65434500,40.001467337494184,-0.5050231013761974,0
2024-02-16,181.21556091308594,183.7403213725013,180.57940354414131,182.31889800876044,49701400,37.07045124387533,-0.6239756801162469,0
2024-02-20,180.47007751464844,181.33484997745663,178.91944475353475,180.69869255835386,53665600,35.707141025014025,-0.7073354874636617,2
2024-02-21,181.2255096435547,181.7920799507102,179.57547126273693,180.84778599399235,41529700,38.18788848614686,-0.666619493204117,2
2024-02-22,183.26319885253906,183.84966853541172,181.36467634977905,182.37854224114136,52292200,44.41781094897026,-0.46691957801156736,0
2024-02-23,181.42431640625,183.92917764586625,181.13604881484736,183.89935895257477,45119700,40.455177692340264,-0.4243697632463954,0
2024-02-26,180.0724639892578,181.66284976948523,179.56551591408572,181.14598235368476,40867400,37.78634348826736,-0.45050077531556587,2
2024-02-27,181.53366088867188,182.8159102315647,178.482083088638,180.0128468267154,54318900,42.223102525755266,-0.33776075027283614,0
2024-02-28,180.33091735839844,182.02070906977036,179.0486680197237,181.4143703487687,48953900,39.712617696354975,-0.31312569765449405,0
2024-02-29,179.66493225097656,181.47401381447335,178.45225486971108,180.18181486443112,136682600,38.35279994506302,-0.3100361996559018,0
2024-03-01,178.5814971923828,179.44626969271965,176.31518534052842,178.47215692026748,73488000,36.18224515228416,-0.34654703990819713,0
2024-03-04,174.0488739013672,175.8380562970389,172.74672514229152,175.0925585764457,81510100,28.830947353658246,-0.6252939306700755,0
2024-03-05,169.09877014160156,171.00724262197713,168.60177162586237,169.73492763506007,95132400,23.27035691684783,-1.0664747692312688,0
2024-03-06,168.104736328125,170.21201988746688,167.6673753032203,170.03309257401145,68587700,22.338627061123645,-1.331440777234211,1
2024-03-07,167.98545837402344,169.7050685827557,167.47852546870348,168.13455182641533,71765100,22.22364081827945,-1.413209289106502,2
2024-03-08,169.70506286621094,172.65723446162582,167.92581533645617,167.98545271540405,76114600,27.979358263849278,-1.255292547430825,2
2024-03-11,171.7129669189453,173.33318674250597,171.01717211248007,171.9018287593836,60139500,34.110832987326134,-0.9341643187810162,1
2024-03-12,172.19007873535156,172.98527928876703,169.9834044040384,172.1105571632911,59825400,35.51566400435664,-0.6231347992809457,0
2024-03-13,170.10269165039062,172.1503228051375,169.73490248954016,171.73284593382695,52488700,32.27357693058819,-0.49697971488902626,2
2024-03-14,171.96145629882812,173.26358975503445,171.0171623179081,171.87200022180366,72913500,37.72516943748445,-0.24034670080068565,1
2024-03-15,171.583740234375,171.583740234375,169.26772563447943,170.14244776104985,121664700,37.07213131221867,-0.05756495034235032,2
2024-03-18,172.67715454101562,176.6432079045962,172.4783581807999,174.51605499918875,75604200,40.29415103955442,0.16336184303833345,2
2024-03-19,175.02296447753906,175.54978158656556,171.99127109820583,173.29340452493878,55215200,46.61007946329938,0.4761684913468138,2
2024-03-20,177.59742736816406,177.59742736816406,174.0389165846836,174.66513949599232,53423100,52.543371205988784,0.8436726243676294,0
2024-03-21,170.34124755859375,176.42451903095682,169.81443040365232,175.98715795881162,106181300,39.290041554908015,0.5969033556940548,2
2024-03-22,171.24578857421875,172.0111704512642,169.0391141931604,170.7289059277682,71106600,41.2784672257225,0.4974931467658976,0
2024-03-25,169.82437133789062,170.90782428626645,168.43276661931924,169.54605342761408,54288300,39.110650978839,0.3460848797953364,0
2024-03-26,168.6912384033203,170.39096478835648,168.56201393916072,168.97949086122557,57388400,37.42337611302484,0.18763114216514687,2
2024-03-27,172.26959228515625,172.55785986634996,169.08880538680637,169.3870074763491,60273300,45.42971748557095,0.33331627918178297,0
2024-03-28,170.45057678222656,171.1960744249358,169.4863986176142,170.71896018041463,65672700,42.45600551008297,0.316785514942282,0
2024-04-01,169.00929260253906,170.22197004043582,168.46259127116116,170.16233265286536,46240500,40.210097841015404,0.22283144874933214,0
2024-04-02,167.826416015625,168.32341441545842,167.2200773611407,168.06498070773253,49329500,38.414052120614585,0.1012582751698119,2
2024-04-03,168.63156127929688,169.6553768320082,167.56799252573734,167.7767233727702,47691700,40.3665548445956,0.09538716883189435,0
2024-04-04,167.8065643310547,170.88794562795422,167.8065643310547,169.2677258236611,53704400,39.00209506694952,0.05809437550773566,2
2024-04-05,168.56198120117188,169.3671161921521,167.93575835610383,168.57191570910442,42055200,40.969678782805495,0.10378793628912053,0
2024-04-08,167.4387664794922,168.18426411757292,167.23003563445502,168.01528647300387,37425500,38.957484113648796,0.07897397108632553,2
2024-04-09,168.6514434814453,169.05898582949538,167.33937552823474,167.68726532493085,42451200,42.255014092995964,0.16015919869182538,0
2024-04-10,166.77279663085938,168.0749301271986,166.1068205360595,167.78667770328389,49709300,38.761654263143605,0.10588070143713502,2
2024-04-11,173.9892120361328,174.4067040844594,167.1505236254001,167.3294357885208,91070300,54.36785033292659,0.5497258362346362,2
2024-04-12,175.4901580810547,177.28929006742356,173.16420894399843,173.21389665591335,101593300,56.83198225148873,0.9165172793807819,0
2024-04-15,171.6533203125,175.56967037066977,171.46445848220424,174.30729011068368,73531800,49.4768850761421,0.873051326622122,0
2024-04-16,168.3632049560547,172.71690119832985,167.25986775641732,170.71897282804144,73711200,44.19497638600071,0.6076232297086368,0
2024-04-17,166.99147033691406,169.62555591523414,166.99147033691406,168.59180586766368,50901200,42.173485923857875,0.33802942111711953,0
2024-04-18,166.0372314453125,167.62763251332663,165.55018268321453,167.02129381245496,43122900,40.77622502857376,0.10583034263641422,0
2024-04-19,164.0094757080078,165.40106519259456,163.0950004513954,165.21221853676252,67772100,37.9024762578246,-0.15950873000221732,2
2024-04-22,164.84442138671875,166.25589498596477,163.7808527253039,164.52635030592455,48116400,39.78429933976612,-0.24865532707231175,2
2024-04-23,165.89805603027344,166.04716464714997,163.9299466584378,164.35737315952596,49537800,42.16608989308988,-0.20817172731811828,2
2024-04-24,168.00535583496094,168.2836737462142,165.21222704669103,165.540232667877,48251800,46.706441754757336,-0.02084373423887298,2
2024-04-25,168.87013244628906,169.58581142644354,167.14057238305094,168.51229295621184,50558300,48.49347048544536,0.16945601643298613,0
2024-04-26,168.28367614746094,170.31142312512412,168.16438620722982,168.8601961624801,44838400,47.33429514169714,0.2586420612853184,2
2024-04-29,172.45843505859375,174.97324560716834,172.06084242792699,172.32921062839307,68169400,55.49067281145034,0.5830368484411597,0
2024-04-30,169.3074951171875,173.93952434742974,168.97947431756717,172.2894858404387,65934800,49.286412110796256,0.5690127622279697,0
2024-05-01,168.28367614746094,171.6732091751753,168.0948143120181,168.56199406268553,50383100,47.430754648239564,0.4780604441087457,2
2024-05-02,171.99127197265625,172.37893013348045,169.8641193422282,171.4743893691613,94214900,54.1613884001258,0.6445171136961421,2
2024-05-03,182.27914428710938,185.87740797297917,181.56346535319665,185.52950301417593,163224100,66.8460177481794,1.38205570420512,0
2024-05-06,180.6191864013672,183.0942290168702,179.33692188523904,181.25534382134734,78569700,63.77924302737389,1.6732417918356004,2
2024-05-07,181.30499267578125,183.7899844348637,180.23148958298134,182.3486922480331,77305800,64.50380772540824,1.8152858541337478,1
2024-05-08,181.6429901123047,181.97101089337855,180.36072568018065,181.75233037266264,45057100,64.87672396895672,1.8300706487069418,2
2024-05-09,183.46202087402344,183.55147695770702,181.0167817496789,181.46407733528633,48983000,66.89260922289017,1.8546617419860512,0
2024-05-10,182.1979217529297,184.22841905381327,181.28220609270682,184.039301056681,50759500,64.13768388570952,1.683124831932913,2
2024-05-13,185.4128875732422,186.22907786103977,183.76061103045285,184.57680131825043,72044800,67.7729195780287,1.679658215993264,2
2024-05-14,186.55752563476562,187.42348620330452,185.42283282321628,186.63715506565202,52393600,68.9785998143089,1.6457647683401944,2
2024-05-15,188.83685302734375,189.76251657943658,186.49778622190607,187.03528102253227,70400000,71.28258525180809,1.6632393140227757,1
2024-05-16,188.95631408691406,190.21045865928463,188.7771592552961,189.58338637309936,52845200,71.40246649746116,1.5703657958383932,1
2024-05-17,188.98619079589844,189.9218177264757,188.299400168655,188.6278659115872,41282900,71.43458368754575,1.4039005870387835,2
2024-05-20,190.1507110595703,191.02661956084452,188.13016182957105,188.44867953467443,44361300,72.7205894740012,1.2692464410937014,2
2024-05-21,191.4546356201172,191.83285642957057,190.03128423275254,190.20049107683238,42309400,74.1252415583518,1.1675932330702965,0
2024-05-22,190.01138305664062,191.92245910983817,189.38432593982932,191.37501623979523,34648500,69.8387237157686,0.9139735954338368,0
2024-05-23,186.01010131835938,190.11091836221462,185.76126503778056,190.09100720719516,51005900,59.556053581612375,0.4130689276710813,2
2024-05-24,189.0956573486328,189.6928704821682,187.16468542966413,187.94106857836448,36294600,63.96245262794791,0.23475300672464883,1
2024-05-28,189.10562133789062,192.10160462638697,188.21976480489596,190.61853495727325,52280100,63.976101774665636,0.07116492942746255,1
2024-05-29,189.40420532226562,191.35508832801628,188.62783738828333,188.7273779696699,53068000,64.41109534655615,-0.0563596089176297,2
2024-05-30,190.39956665039062,191.2854232244703,189.7426503955058,189.8720349370489,49947900,65.88978008136972,-0.11000001546174065,2
2024-05-31,191.3551025390625,191.67362027294615,189.02599856414395,190.5488754083416,75158300,67.29463318545557,-0.11681021503934907,2
2024-06-03,193.12680053710938,194.0823384761381,191.62383496596826,192.0020557606219,50080500,69.77988226975995,-0.04155935300188851,1
2024-06-04,193.44532775878906,194.41081372828987,192.13146492648488,193.73397115741048,47471400,70.2180551512165,-0.011462223768980095,2
2024-06-05,194.95823669433594,195.9834409155792,193.96289161058436,194.49042328995185,54156800,72.27433505892746,0.06500445467979077,0
2024-06-06,193.57470703125,195.58530834672572,193.2661524862918,194.77908126144504,41181800,67.67279049513982,-0.01846594444724836,2
2024-06-07,195.97349548339844,196.02326577578603,193.23629646745044,193.7439169991778,53103900,71.10751976000049,0.043614644500014954,0
2024-06-10,192.2210235595703,196.3815736009198,191.25553768440525,195.98342648408087,97262100,60.312112761948825,-0.19898906740107414,2
2024-06-11,206.1857147216797,206.19567789204126,192.7286609927464,192.74855695795014,172373300,75.32532229068573,0.5112761850604315,2
2024-06-12,212.0782012939453,219.1750019825869,205.9369082694312,206.40472171133436,198134300,78.94466473770882,1.2652334254249062,2
2024-06-13,213.2427520751953,215.74106295368526,210.61504146610727,213.74042465409653,97862700,79.58209670959204,1.7024427331878176,0
2024-06-14,211.50086975097656,214.16838712685717,210.31640674162668,212.8545395919822,70122700,75.88165521860564,1.7288393566651692,2
2024-06-17,215.6614227294922,217.9308083607288,211.72981259041407,212.37678083551464,93728300,78.45819675060697,1.8691020510288405,0
2024-06-18,213.29248046875,217.61228945527094,212.008492058615,216.5771221156608,79943300,73.63471790728079,1.6524237967272883,0
2024-06-20,208.70394897460938,213.24273529474334,207.87782592387282,212.93416556238657,86172500,65.2650768332703,1.0779652954380108,0
2024-06-21,206.524169921875,210.9036824915187,206.14593390610847,209.41066477171813,246421400,61.678489758811956,0.4606351831446478,2
2024-06-24,207.17111206054688,211.70988292620214,205.62832424046638,206.75306897426384,80727000,62.33997293294835,0.028140302151235197,2
2024-06-25,208.0968017578125,210.3960464470149,207.6389363414956,208.1764159984445,56713900,63.31572788800696,-0.24810645984777757,2
2024-06-26,212.25733947753906,213.8598456726642,209.65948819693895,210.51548557795786,66213200,67.40360997354772,-0.2049326877426232,2
2024-06-27,213.10340881347656,214.73577429887092,211.36155475092565,213.69065882378794,49772700,68.18013937135738,-0.17487009954199717,0
2024-06-28,209.6395721435547,215.0642148828325,209.3210696212814,214.76560832661605,82542700,61.69965772764488,-0.4292508461947069,2
2024-07-01,215.7410430908203,216.4974998735104,210.933524598722,211.10273143743845,60402900,67.5505096384903,-0.23716617013332275,2
2024-07-02,219.24465942382812,219.35414798734178,214.09872731420612,215.1438274713018,58046200,70.351348208217,0.05943652454425141,2
2024-07-03,220.51870727539062,220.51870727539062,218.01043340115498,218.97591935149836,37369800,71.3207457910811,0.2635793654027321,2
2024-07-05,225.28639221191406,225.3958807735831,220.618221554563,220.618221554563,60412400,74.65973236034807,0.6214236623831741,2
2024-07-08,226.759521484375,226.78938062149984,222.21078721739227,226.03290864697604,59085900,75.60481320585602,0.8451790689860506,2
2024-07-09,227.61549377441406,228.33214340978847,225.3162491891544,226.86898500321237,48076100,76.16116102927222,0.9318486777940915,2
2024-07-10,231.89549255371094,231.9950331368443,228.1828596567971,228.23262994836378,62627700,78.76846818781652,1.1444416999929992,0
2024-07-11,226.51068115234375,231.30823641336684,224.71905701819728,230.3128913597033,64710600,68.6022996261671,0.8054225795442589,2
2024-07-12,229.46685791015625,231.55708874298097,227.6155153743793,227.8544036714271,53046500,70.82823331454603,0.6689022543541361,2
2024-07-15,233.3088836669922,236.12571210202407,232.00498402552307,235.37920328245679,62631300,73.46155773300724,0.72146912208426,1
2024-07-16,233.72694396972656,235.17019132901206,231.2485291999769,233.90609879782943,43234300,73.73934385825883,0.6696426866995466,0
2024-07-17,227.81459045410156,230.38258262455565,225.58501197125685,228.38192926123955,57345900,63.600230901711036,0.1495829067142953,0
2024-07-18,223.13644409179688,229.3673137711516,221.2353466054131,229.20805491946456,66034600,56.93001233108671,-0.5582707819643744,1
2024-07-19,223.26585388183594,225.74426861436035,222.24064965794977,223.77348959602472,49151500,57.06415883516683,-1.0386437800527517,1
2024-07-22,222.91749572753906,226.7197061195605,222.0515351611177,225.95328613844396,48201800,56.5535270566305,-1.3793770967575938,2
2024-07-23,223.96258544921875,225.88360930378687,221.64342964759248,223.32556522126958,39960300,57.774296341669896,-1.5226546954253077,0
2024-07-24,217.52268981933594,223.75355924528677,216.11926491073012,222.9572802069956,61777600,48.694626742803536,-2.0088638676970323,0
2024-07-25,216.47760009765625,219.8219600686179,213.62094948036474,217.91088420998827,51391200,47.39293422244025,-2.3356655014649856,1
2024-07-26,216.94541931152344,218.46829606182757,215.0044842643322,217.6819649471348,41601300,48.06223265273688,-2.4435483287099355,1
2024-07-29,217.22412109375,218.27918447457574,214.74570631572197,215.95008057489312,36311800,48.482741219694816,-2.415061384870591,2
2024-07-30,217.78150939941406,219.30438617677734,215.11397665237357,218.16969337819762,41643800,49.36569748689479,-2.279304306829517,2
2024-07-31,221.04623413085938,222.77814001369308,219.60298682237814,220.40921389598267,50036300,54.305645656046806,-1.9054581157645782,0
2024-08-01,217.3435516357422,223.43505864730554,216.0097928775357,223.3255700813178,62501000,48.52355664103597,-1.8422806438812054,2
2024-08-02,218.83656311035156,224.54984915998065,216.69657732981517,218.1298614428512,105568600,50.79839437434842,-1.6413601926975465,0
2024-08-05,208.29586791992188,212.506173331003,195.0876345333798,198.16324716744046,119548600,38.0228954721101,-2.1288597472074677,0
2024-08-06,206.26536560058594,209.0125278604179,200.13405118519225,204.3443568031922,69660500,36.1374899039419,-2.47433936251326,2
2024-08-07,208.8433074951172,212.64551772150753,205.42926604632788,205.93688655864335,63516400,40.19230436851366,-2.412953355519401,2
2024-08-08,212.31704711914062,213.20290359333654,207.85790561211314,212.1179811495676,47161100,45.23791570452331,-2.037102487550381,2
2024-08-09,215.23342895507812,215.77090862412464,210.98330114399806,211.11270086651854,42201600,49.11892603883698,-1.5147801637955323,2
2024-08-12,216.7680206298828,218.7410807003227,214.84478845727688,215.31314332730477,38028100,51.08343458535352,-1.0127634980536844,2
2024-08-13,220.4949493408203,221.11277276612057,218.2428558389481,218.2428558389481,44155300,55.570027147739474,-0.4075724477097973,1
2024-08-14,220.94334411621094,222.24875291914373,218.9304156630747,219.7973785028084,41960600,56.09182252607404,0.02226175673107421,2
2024-08-15,223.93284606933594,224.56064415441705,221.97970491871703,223.81327127421198,46414000,59.50637519520139,0.4817698526690759,2
2024-08-16,225.25819396972656,226.03546056539557,222.86659157853387,223.1356500786779,44340200,60.95600912040698,0.8284883204040066,1
2024-08-19,225.0987548828125,225.19841068626937,222.25873174304007,224.92935218120843,40687800,60.674606430215604,0.9896929500108633,2
2024-08-20,225.71656799316406,226.3742597731608,224.66028342820331,224.9791698204466,30299000,61.417873488450425,1.0735171958165897,1
2024-08-21,225.60696411132812,227.18143154067607,224.26170199000447,225.7265541171402,34765500,61.196892619384265,1.0555778947826506,0
2024-08-22,223.74349975585938,227.54015139464096,223.11570169720306,226.9920749311584,43695300,57.4145431517548,0.8604624282475637,2
2024-08-23,226.04542541503906,227.42059644239848,223.5442228703079,224.86956599566977,38677300,60.64997448977079,0.8283889405145188,1
2024-08-26,226.38421630859375,226.48387210620078,223.10574735994538,225.96568932825608,30602200,61.11818645514604,0.7730176112097102,2
2024-08-27,227.2312469482422,228.04838192077386,224.1022464634546,225.20835892301574,35934600,62.325168700195476,0.736619112494566,0
2024-08-28,225.6966552734375,229.05484595642545,224.88947977262964,227.12163896438045,38052200,58.7659202042554,0.5603520097119827,2
2024-08-29,228.98509216308594,232.10413336375854,228.07829123837303,229.29401907737392,51906300,63.56731466757677,0.6121754483321231,0
2024-08-30,228.19784545898438,229.5929353752877,226.68316554604098,229.38367949051207,52990800,61.71461457037958,0.5427490720785264,0
2024-09-03,221.98968505859375,228.1978583447122,220.39528345963856,227.74943764667495,50190600,49.469891257721024,0.0537780234497216,0
2024-09-04,220.076416015625,221.00315112701452,216.71821006143196,220.88357632692316,43840200,46.41353879542038,-0.3985554657497019,2
2024-09-05,221.60105895996094,224.69019125096705,220.7440707336114,220.85368603716802,36615400,49.11163697097244,-0.5839052735703092,0
2024-09-06,220.0465087890625,224.4510243839852,219.00018373655976,223.16553454066073,48423000,46.53864919957504,-0.7873746118614464,1
2024-09-09,220.13621520996094,220.49495483479603,215.950929723779,220.04653410508755,67180000,46.71214342879933,-0.8848075214723352,0
2024-09-10,219.3389892578125,220.70418549359823,215.97082401031443,218.15315521125123,51591000,45.30501428077891,-0.9652565544238507,2
2024-09-11,221.88006591796875,222.3085524071335,217.126770108234,220.6842723421212,44587100,50.430550236301876,-0.8156004625020541,1
2024-09-12,221.98968505859375,222.76695165661573,219.0500213655269,221.7206265576352,37498200,50.64541863774586,-0.6828751759555813,1
2024-09-13,221.72061157226562,223.2552104631355,221.1326819144566,222.79683029802118,36766600,50.07167253419374,-0.5903303371527454,0
2024-09-16,215.56227111816406,216.45911247240775,213.17066883128115,215.78148650258865,59357400,39.142139319541776,-0.9023149551760262,1
2024-09-17,216.03062438964844,216.14023969143096,213.74865245933694,214.99427397716522,45519300,40.21101027960495,-1.0265393797886206,2
2024-09-18,219.9169464111328,221.92987480128497,216.77797143749862,216.78794613986932,59894900,48.32184425126971,-0.806100831560631,2
2024-09-19,228.0683135986328,229.01499812075548,223.84317512238368,224.20191472936153,66781300,60.4429993351014,-0.10716747671856702,0
2024-09-20,227.40066528320312,232.27353613908102,226.82269506404828,229.16446964119802,318679900,59.21784283524549,0.29247320131936927,0
2024-09-23,225.6767120361328,228.64626930220686,225.01902026418153,226.54365969576136,54146000,56.058137141856626,0.4154956844780726,2
2024-09-24,226.5735626220703,228.5466380182851,224.93930782860403,227.8490778167103,43556100,57.33357584632331,0.5249967794551014,0
2024-09-25,225.57705688476562,226.49383244586693,223.2352976856936,224.1420985437932,42308700,55.409125054480015,0.4982565507520066,2
2024-09-26,226.72305297851562,227.6996160019036,224.62044322472642,226.50382237250227,36636700,57.18880988909241,0.5231185008908734,1
2024-09-27,226.99208068847656,228.71603171782343,226.50380681299467,227.6597471643239,34026000,57.61646419683217,0.5218620261439465,2
2024-09-30,232.183837890625,232.183837890625,228.84556632808733,229.234199611622,54541900,64.90281223397629,0.8172685618373494,0
2024-10-01,225.41763305664062,228.84557057238277,222.9562838134916,228.71603627902877,63285000,52.28684353648191,0.5181401048847853,2
2024-10-02,225.98562622070312,226.57355589970402,222.2388023482828,225.09874435066007,32880600,53.11081546955638,0.3289198767019279,0
2024-10-03,224.8795166015625,226.01552277761738,222.53775735368686,224.35137431302277,34044200,51.25452379536379,0.11092023052127331,2
2024-10-04,226.0055694580078,227.20136306464835,223.3449237414969,227.1017072618697,37245100,53.05344550098678,0.028508689180864577,0
2024-10-07,220.91348266601562,224.89947175407843,220.5547430398763,223.71363756752507,39505400,44.97116708005138,-0.36149082837274826,2
2024-10-08,224.9791717529297,225.1884276449642,222.46799461113406,223.51431968732726,31855700,51.34461156368304,-0.3385843382161484,2
2024-10-09,228.73597717285156,228.9452482903661,224.04248353573135,224.4410763624789,33591100,56.37278880936573,-0.07701768963415612,1
2024-10-10,228.23770141601562,228.6960967971132,226.3742566041183,226.98212047614993,28183500,55.55277506485452,0.04905096553476751,0
2024-10-11,226.75294494628906,228.60643037956845,226.54367384020586,228.4968150773993,31759200,53.075273134249024,0.020516684671900487,2
2024-10-14,230.48980712890625,230.91829362955485,227.79926770980506,227.89890830734765,39882100,58.13571520324626,0.2297608348792295,2
2024-10-15,233.03086853027344,236.65811760908664,231.5560417756155,232.79170373632726,64751400,61.19988271780831,0.5002340913649845,0
2024-10-16,230.96812438964844,231.30692979509985,229.0349173503749,230.7887621886474,34082200,57.51945353719519,0.49996166137837905,1
2024-10-17,231.33682250976562,233.0308799404877,229.71254238803704,232.6123377292532,32993800,58.00558049181156,0.48403481258652636,2
2024-10-18,234.17684936523438,235.35270879965356,233.1903116322836,235.35270879965356,46431500,61.64642143418192,0.6157422022630819,2
2024-10-21,235.6516571044922,236.02037141360947,233.62876897482323,233.62876897482323,36254500,63.42000404323672,0.7445510578315662,0
2024-10-22,235.03382873535156,235.3925683333293,231.7852533575211,233.07072804715946,38846600,62.1239540879895,0.7295466651931362,0
2024-10-23,229.95169067382812,234.31635331873264,226.96219904424217,233.26006870913344,52287000,52.601351224073944,0.33862487021139787,1
2024-10-24,229.76235961914062,230.0114839114603,227.60992208421712,229.17441473320775,31109500,52.279843846599235,0.04405381474276204,2
2024-10-25,230.5994110107422,232.40306843409212,228.76585988907573,228.935262581316,38802300,53.62928148638608,-0.10928363998917101,2
2024-10-28,232.5824432373047,233.9077863541258,231.73542973016842,232.50273684103132,36087100,56.74963013450836,-0.09267750798533037,1
2024-10-29,232.85150146484375,233.50919327337175,231.50623935322642,232.28350596136286,35417200,57.17074541536063,-0.07959513472432178,0
2024-10-30,229.29400634765625,232.65219696606212,228.74592985962587,231.79520878623467,47070900,50.209600709381,-0.3134274663223606,0
2024-10-31,225.11868286132812,229.02495000446748,224.5805658660821,228.53666090957242,64370100,43.51297423111025,-0.7284772727445397,0
2024-11-01,222.1291961669922,224.56065178607977,219.49844414747824,220.1959891516409,65276700,39.45539606348413,-1.158015404136323,0
2024-11-04,221.23233032226562,222.0095968952219,218.94039900502227,220.21591416091667,44944500,38.301467088274414,-1.4379319130811736,2
2024-11-05,222.66729736328125,223.1655459656629,220.36539125313263,221.02308305755813,28111300,41.26148772078375,-1.457305336914966,0
2024-11-06,221.93984985351562,225.27812143912794,220.41521040716108,221.83023455712816,54561100,40.20836086298997,-1.4470385668598247,2
2024-11-07,226.6831817626953,227.081789771112,223.7833864288354,223.8431738287627,42137700,49.295884506184144,-1.0663016431738759,1
2024-11-08,226.41383361816406,228.10973956989392,225.8651541338214,226.6233197345054,38328800,48.84192923744622,-0.7907872764270364,0
2024-11-11,223.69039916992188,225.15686291743452,220.96697301971395,224.4585504714927,42005600,44.390680887032524,-0.750478978787712,1
2024-11-12,223.69039916992188,225.04712701721013,222.82249764582772,224.00963641496367,40398300,44.390680887032524,-0.6841925986884352,2
2024-11-13,224.57826232910156,226.10457929193407,222.2239408664857,223.47093284409854,48566200,46.24302765752706,-0.5468777354212718,2
2024-11-14,227.67080688476562,228.3192366196321,224.45855435577516,224.47851048945301,44923900,52.21381603296184,-0.23029780582241632,0
2024-11-15,224.4585418701172,226.3739196007606,223.73030286311794,225.8551667084814,47923700,46.44347275988076,-0.21978697093010113,2
2024-11-18,227.47128295898438,229.18714506333228,224.62813528483125,224.70794459457642,44686000,51.82129523162897,-0.0038990246473754597,1
2024-11-19,227.73065185546875,229.60613257977118,226.11455519341968,226.43377721041003,36211800,52.26568648402658,0.1536932190844531,2
2024-11-20,228.44891357421875,229.37666823104936,225.34639715216647,227.51117324017346,35169600,53.543611396606416,0.2954207699319744,1
2024-11-21,227.97007751464844,229.60613029336434,225.16684213362325,228.3292117939797,42108300,52.53388665205839,0.3427057389548468,2
2024-11-22,229.3168182373047,230.16477882059493,227.51117639639193,227.51117639639193,38168300,55.09859003994092,0.44404012079613625,2
2024-11-25,232.30960083007812,232.68869124314412,229.1871434272115,230.9030055193102,90152800,60.23993159630478,0.6779740011792038,2
2024-11-26,234.49432373046875,235.00310615337486,232.76849125195545,232.76849125195545,45986200,63.523426789555025,0.9296417561201528,1
2024-11-27,234.36465454101562,235.12283541072824,233.24735459247512,233.90577001446655,33498400,63.18987606831965,1.0294139825552215,2
2024-11-29,236.75888061523438,237.2377212602243,233.40696565616557,234.24494059041535,28481400,66.66986659146396,1.1874736662053769,2
2024-12-02,239.013427734375,240.21053691361496,236.58928278806928,236.69901868412032,48137100,69.5857290582394,1.3621605717399794,2
2024-12-03,242.06607055664062,242.1758064568113,238.32509471728144,239.232908507596,38861000,73.0265905282916,1.5859396853810168,1
2024-12-04,242.42520141601562,243.5225604021956,240.66944226019712,242.28553892887177,44383900,73.40774962130064,1.6532496547923041,1
2024-12-05,242.4551239013672,243.95151419061432,241.54732536132988,243.40284992887905,40033900,73.44142440696567,1.5941818963697978,1
2024-12-06,242.25559997558594,244.04130085085734,241.49743440151175,242.32543882662802,36870600,72.77960206021794,1.4407232590443475,2
2024-12-09,246.1562042236328,246.64503053466012,241.16823655952678,241.24804586880077,44649200,77.12040659022847,1.494523704495669,2
2024-12-10,247.1737518310547,247.612695417372,244.7495916510093,246.2958646584201,36914800,78.10147254128768,1.4880135582119056,0
2024-12-11,245.89682006835938,250.196445491468,245.6673626102133,247.36328368802742,45205800,73.82346112317857,1.2942233770926022,2
2024-12-12,247.36329650878906,248.1414182384854,245.08876927344312,246.2958641332418,32777500,75.48426990391117,1.165336605423723,1
2024-12-13,247.5328826904297,248.69007959411312,245.647431564018,247.223631137632,33155300,75.67646142359476,0.9984659465656174,2
2024-12-16,250.4358673095703,250.7750606707362,247.05402592958802,247.3932192907539,51694800,78.74782808711207,0.988698755468489,2
2024-12-17,252.8699951171875,253.21915892963332,249.1789022262073,249.47818331943677,51356400,80.92302126252787,1.0457381958275036,0
2024-12-18,247.4530792236328,253.66808268004456,247.14382766353577,251.55318925842403,56774100,64.9830362390565,0.6382419203882987,2
2024-12-19,249.1888885498047,251.3935770141874,246.49538898335234,246.90440599607692,60882300,67.21181905965085,0.4159608169663347,2
2024-12-20,253.87759399414062,254.3863612366688,245.09876750312787,247.44310326755718,147495300,72.33416259166407,0.508920210809471,2
2024-12-23,254.6557159423828,255.03479114956258,252.8400883307868,254.15691915529422,40858800,73.08563815687339,0.5438689210926952,2
2024-12-24,257.57867431640625,257.58862955018265,254.67565812568793,254.87518901917565,23234700,75.75027213316483,0.6762644523110115,2
2024-12-26,258.39666748046875,259.47408555117545,257.0100282923795,257.56867823862046,27237100,76.45286427560433,0.7269220649149428,0
2024-12-27,254.9749298095703,258.0774615569102,252.4510193654514,257.20952960207876,42355300,67.62626264235195,0.45146585836745157,0
2024-12-30,251.5930938720703,252.8899685500744,250.14658624824915,251.62302046123375,35557500,60.225587849869264,-0.012434849238199597,0
2024-12-31,249.8173828125,252.670501064015,248.82975968702823,251.8325261089863,39480700,56.715924980832234,-0.46760299863249966,0
2025-01-02,243.26319885253906,248.5005651105234,241.23808511721737,248.3309608077005,55740700,46.04907325491627,-1.1973222984954752,1
2025-01-03,242.7743682861328,243.5923870862029,241.3079045417172,242.7743682861328,40244100,45.363797987818295,-1.6710662255128774,2
2025-01-06,244.41041564941406,246.73481040856498,242.61474424512696,243.72207367593157,45045600,48.145148720368944,-1.8201218650984883,0
2025-01-07,241.62713623046875,244.9590949760797,240.76920518354387,242.3952722906863,40856000,44.037930513072055,-2.035738118434622,1
2025-01-08,242.11593627929688,243.12351544341067,239.47231962725974,241.33781457710975,37628900,44.92651135928762,-2.068313988268926,0
2025-01-10,236.280029296875,239.58206138453855,232.4392881886217,239.4324132245663,61710900,37.30950275688817,-2.3833699319893413,0
2025-01-13,233.83592224121094,234.10527676213235,229.16719172961072,232.96802072299363,49630700,34.659192387013775,-2.6370742306542803,0
2025-01-14,232.71861267089844,235.55177458449063,231.9105643637605,234.1850763475817,39435300,33.48806195421599,-2.7483413667435928,2
2025-01-15,237.2975616455078,238.38495013235746,233.86583756026477,234.07533889356793,39832000,42.11972333833559,-2.39471290291746,0
2025-01-16,227.710693359375,237.4372302632713,227.4812511099753,236.77883010316478,71759100,32.58499895403179,-2.666806000548011,2
2025-01-17,229.4265594482422,231.73099810398455,227.93016912923343,231.5614090278119,68488300,35.40352944390236,-2.589433387989451,0
2025-01-21,222.10421752929688,223.87993275191027,218.85206818023312,223.46094530610958,98070400,29.69746284851435,-2.8679739164397167,2
2025-01-22,223.29135131835938,223.58064673096774,219.26106511921876,219.26106511921876,64126500,31.62163245194047,-2.8054007990378924,1
2025-01-23,223.1217803955078,226.4836658384098,221.76505253825962,224.19918327232872,60234800,31.489055391706216,-2.61249209240636,0
2025-01-24,222.24388122558594,225.08702882156655,220.877182986192,224.23906824814947,54697900,30.769794200581885,-2.3872536126464783,2
2025-01-27,229.3068389892578,231.59132137138346,223.44098442848647,223.48089669223063,94863400,42.2071968146594,-1.641350858632225,2
2025-01-28,237.68663024902344,239.61199368769647,230.25456145518996,230.2944737209622,75707600,52.28025180064652,-0.5204290713943256,2
2025-01-29,238.78399658203125,239.2827933650634,233.4468649147594,233.55660081590926,45486100,53.425086068472716,0.3132256255921617,0
2025-01-30,237.0182342529297,240.21053038482776,236.63915907674937,238.09563705158317,55658300,51.29270235774041,0.7396932319474172,0
2025-01-31,235.4320831298828,246.59515764263173,232.87824601959832,246.59515764263173,101075100,49.38583905187777,0.8983641788560739,0
2025-02-03,227.4613037109375,231.27211844312274,225.15686500690927,229.43654993330725,73063300,41.114118158998274,0.4713679586063595,2
2025-02-04,232.23977661132812,232.5689843025687,226.10456727432145,226.70312948058964,45067300,46.86037388609923,0.5122239071999806,1
2025-02-05,231.9105682373047,232.11008389811693,227.72067847197073,227.98004730881974,39620300,46.52354217656228,0.5170510467302498,2
2025-02-06,232.6587677001953,233.23737378273856,229.875473186273,230.7334042435517,29925300,47.44808486691579,0.5666221673095646,0
2025-02-07,227.08221435546875,233.43688010961284,226.71309440770742,232.04025529180169,39707200,41.66606036668185,0.23671695338069076,1
2025-02-10,227.3518524169922,230.2880044885276,226.90244480659103,229.26935130196645,33115600,42.033880490544135,0.05880825307522031,2
2025-02-11,232.3153533935547,234.92193591818142,227.83124330015124,227.90114370319637,53718400,48.47450459813932,0.2849116205109965,2
2025-02-12,236.55978393554688,236.64967765066982,230.377888084301,230.89721134547665,45243300,53.25731718346963,0.7058504463839883,2
2025-02-13,241.21368408203125,242.02262084431055,235.2614980047627,236.5997394445533,53614100,57.874610172147335,1.251364671811539,2
2025-02-14,244.2796630859375,245.22841586050225,240.67439035154717,240.93404435379279,40896200,60.633518067069865,1.7421740562787893,1
2025-02-18,244.14984130859375,244.85890295305822,241.52328070167576,243.83025306858283,48822500,60.452977823071514,1.9650471603173096,1
2025-02-19,244.54930114746094,245.68780753699892,242.84154918255663,244.33958470767533,32204200,60.83936370773646,2.03759839445904,2
2025-02-20,245.508056640625,246.4568094488268,243.9700649298591,244.61922281669615,32316900,61.80395922541189,2.0431763803249976,1
2025-02-21,245.22842407226562,248.36431123309396,244.89885442060717,245.6278941258364,53197400,61.32946682763498,1.9227965791738515,2
2025-02-24,246.77639770507812,248.53408727873096,244.09989957647335,244.609226181644,51326400,63.021924279578485,1.8420305012145515,1
2025-02-25,246.71646118164062,249.67259136851834,244.58926106556868,247.67521063757022,48013300,62.90712211153015,1.6835159988555115,0
2025-02-26,240.0452117919922,244.65915630674968,238.8168269352331,244.01001367840516,44433600,51.63292827716574,1.0588242670755104,0
2025-02-27,236.98922729492188,242.14247324939222,236.74953612071198,239.09646458024955,41153600,47.438743928894034,0.40299353692577333,2
2025-02-28,241.5232696533203,241.77294223985544,229.89851463379637,236.63967447024518,56833400,53.47695144352407,0.24548449488538293,0
2025-03-03,237.71826171875,243.71040379171194,235.80077808405883,241.47333193183624,47184000,48.446999236195104,-0.12416749986386355,0
2025-03-04,235.6210174560547,239.75561031847352,234.3726544629493,237.39870037793833,53798100,45.885183877009005,-0.4981403283529102,1
2025-03-05,235.4312744140625,236.2402111793479,228.92979032203158,235.11168617953675,47227600,45.64999153789686,-0.7323494638850376,1
2025-03-06,235.0218048095703,237.54849020730907,232.8546485518437,234.13297099659667,45170400,45.112602173339106,-0.8790330577778105,2
2025-03-07,238.7569122314453,241.05388787370777,234.45254396930395,234.80209169163373,46273600,50.80194859651456,-0.6966672239636238,0
2025-03-10,227.1820831298828,235.85072354308846,223.92635798057333,235.23152514577004,72071200,37.74491854367935,-1.293076038561112,0
2025-03-11,220.55078125,225.54423318142804,217.16522145004404,223.51689291637274,76137400,32.5787625866018,-2.02790943966993,0
2025-03-12,216.69583129882812,221.4595886104368,214.6285501658544,219.85169651198805,62547500,30.00751618153744,-2.629181198890561,0
2025-03-13,209.4053955078125,216.55602242060417,208.14705109128238,215.6671885752157,61368300,25.852018869892547,-3.328471693918366,2
2025-03-14,213.21041870117188,213.66980775083542,209.30553558500114,210.97334672214788,60107600,31.20663123042503,-3.336867938700964,2
2025-03-17,213.71974182128906,214.93814530685134,209.69502079955336,213.0306430192638,48073400,31.915389967618836,-3.114503389556843,0
2025-03-18,212.4114532470703,214.8682229774316,211.21302787332291,213.87952928252258,42432400,31.03100266592908,-2.8680563113011983,2
2025-03-19,214.95811462402344,218.47349365471302,213.470060528986,213.93944620866878,54385400,34.81740142851126,-2.3668831529317984,0
2025-03-20,213.81961059570312,217.20517028159983,211.94206785632258,213.70975404736055,48862900,33.9208258448821,-1.9621089889919006,2
2025-03-21,217.98414611816406,218.5533916912833,211.0032951126973,211.2829271905112,94127800,40.0065348527564,-1.296075139189611,2
2025-03-24,220.44091796875,221.1899357355996,218.29373979930335,220.71056863168138,44299500,43.32271816575011,-0.6072348451858032,2
2025-03-25,223.45697021484375,223.80651793975238,219.79177838679217,220.48087718007702,34493600,47.18256942402292,0.09686591904640895,0
2025-03-26,221.2398681640625,224.7253029108424,220.18125884970436,223.21727075576553,34466100,44.76894378619977,0.43943306619359035,2
2025-03-27,223.5568389892578,224.69534536875565,220.271139232742,221.1000540446544,37094800,47.77558411802023,0.8257923919809551,0
2025-03-28,217.6146240234375,223.51688772665744,217.39491092445158,221.3796909591809,39818600,41.53125653829043,0.6903821225375744,2
2025-03-31,221.83909606933594,225.32451569687797,215.9468137615173,216.72579102857173,65299300,46.84980699597336,0.8822759025855618,2
2025-04-01,222.897705078125,223.3870536043053,218.61331487709137,219.5221267668628,36412700,48.12328033695458,1.0652092626389393,2
2025-04-02,223.59678649902344,224.89508702876748,220.73055001137135,221.03016017035932,35905900,48.99243381380902,1.2075646978984613,0
2025-04-03,202.9239044189453,207.2182761783418,200.9864426085102,205.27081771109022,103419000,31.94689918944556,-0.04963689716572661,0
2025-04-04,188.13330078125,199.61824028069563,187.09465424061224,193.6360793511012,125910900,25.193288435151786,-1.7426427392240154,0
2025-04-07,181.2223663330078,193.89573468350994,174.39131242893686,176.967935484531,160466300,22.771004432593045,-3.1132181619367243,0
2025-04-08,172.19419860839844,190.09072892121037,168.9884109270566,186.4554964395268,120859500,20.05786323268113,-4.337873843416181,2
2025-04-09,198.58958435058594,200.3472738997123,171.6648855169899,171.72480450043201,184395900,41.86654521007657,-3.136336065233232,0
2025-04-10,190.17062377929688,194.52491452460524,182.76034285398336,188.82240088513313,121880000,38.27951344970822,-2.6917157302483083,2
2025-04-11,197.89048767089844,199.27866665425725,185.81632494094944,185.856281088865,87435900,43.094122961987146,-1.7087472787800522,2
2025-04-14,202.25477600097656,212.6611277249045,200.8965565016436,211.1630921847052,101352900,45.67416404390952,-0.6501319003481854,1
2025-04-15,201.87527465820312,203.24347561495443,199.53834280484799,201.59564256833872,51343900,45.48106297760459,0.09914734650885748,0
2025-04-16,194.0155792236328,200.4371508814261,192.11805840887246,198.10021911176236,59732400,41.561955931299245,0.13766775398676145,2
2025-04-17,196.72203063964844,198.56961397436802,194.16538565496842,196.94174374665747,51334300,43.371506520001134,0.402672022116894,0
2025-04-21,192.9070281982422,193.54618940120912,189.56140949031536,193.01688474432112,46742500,41.424310753699004,0.37863830388219455,2
2025-04-22,199.47842407226562,201.32599215129426,195.71335703344474,195.8631544964882,52976400,45.927584745316,0.8366737452992856,2
2025-04-23,204.33206176757812,207.7276030292648,202.5344160012944,205.7302222309065,52929200,49.04363065884692,1.4613195593715256,2
2025-04-24,208.09710693359375,208.5565112075726,202.67422555441442,204.62166872266098,47311000,51.384053582067835,2.0848464865533245,2
2025-04-25,209.00592041015625,209.47530610539675,205.92995222724628,206.0997277622984,38222300,51.957653824245305,2.4879559846495622,2
2025-04-28,209.8647918701172,211.2230113707532,207.1883090170199,209.72497582911666,38743100,52.52769859245325,2.722922704616476,2
2025-04-29,210.9333953857422,211.96204522644123,208.09710321217068,208.41669143858087,36827600,53.27062844024696,2.847361963179785,2
2025-04-30,212.22171020507812,213.30029766677714,206.399343338795,209.02590396975114,52286500,54.20120405554409,2.9035331868890744,2
2025-05-01,213.04063415527344,214.2790004444518,208.62640936955898,208.80618155790114,57365700,54.81714860450062,2.8773975724148704,0
2025-05-02,205.08106994628906,206.71892151455646,201.89524528415058,205.82009105417706,101010600,48.05265425473158,2.2342629211383778,0
2025-05-05,198.62953186035156,203.83271551835597,197.9504297070337,202.83402512431957,69018500,43.37996643480407,1.3292657750081025,1
2025-05-06,198.25001525878906,200.38721199140494,196.7619763948813,197.9504203457911,51216500,43.114369158045335,0.692052296259515,0
2025-05-07,195.99298095703125,199.1788056079939,192.99690991055434,198.90915494694545,68536700,41.48753204513003,0.13468809532158454,2
2025-05-08,197.2313690185547,199.78801395815432,194.42503624466005,197.46106353953903,50478900,42.763668474641904,-0.1206474649415279,2
2025-05-09,198.27000427246094,200.2773664943336,197.28129528859796,198.739389980464,36453900,43.86937420592473,-0.18576499005187141,2
2025-05-12,210.7899932861328,211.27000427246094,206.75,210.97000122070312,63775800,55.12351149207419,0.6048926028048478,2
2025-05-13,212.92999267578125,213.39999389648438,209.0,210.42999267578125,51909300,56.720809105071744,1.226680522111197,0
2025-05-14,212.3300018310547,213.94000244140625,210.5800018310547,212.42999267578125,49325800,56.11771839525319,1.5323734227166386,0
2025-05-15,211.4499969482422,212.9600067138672,209.5399932861328,210.9499969482422,45029500,55.190819833407566,1.6025567316507991,1
2025-05-16,211.25999450683594,212.57000732421875,209.77000427246094,212.36000061035156,54737900,54.97966885142749,1.5618298589612825,0
2025-05-19,208.77999877929688,209.47999572753906,204.25999450683594,207.91000366210938,46140500,52.17387482254309,1.304019855228302,0
2025-05-20,206.86000061035156,208.47000122070312,205.02999877929688,207.6699981689453,42496600,50.04453540356402,0.9564267878697914,0
2025-05-21,202.08999633789062,207.0399932861328,200.7100067138672,205.1699981689453,59211800,45.11797268594333,0.38672021707182314,0
2025-05-22,201.36000061035156,202.75,199.6999969482422,200.7100067138672,46742400,44.397639426498245,-0.035395341251594215,0
2025-05-23,195.27000427246094,197.6999969482422,193.4600067138672,193.6699981689453,78432900,38.82818810923484,-0.684857761060204,2
2025-05-27,200.2100067138672,200.74000549316406,197.42999267578125,198.3000030517578,56288500,44.86960056792197,-0.7373012125986547,1
2025-05-28,200.4199981689453,202.72999572753906,199.89999389648438,200.58999633789062,45339700,45.11773003964367,-0.7129733609915796,1
2025-05-29,199.9499969482422,203.80999755859375,198.50999450683594,203.5800018310547,51396800,44.63352374239845,-0.6835725835334159,2
2025-05-30,200.85000610351562,201.9600067138672,196.77999877929688,199.3699951171875,70819900,45.83234882445402,-0.5635445699763726,2
2025-06-02,201.6999969482422,202.1300048828125,200.1199951171875,200.27999877929688,35423300,46.999536276704696,-0.39491284704028007,2
2025-06-03,203.27000427246094,203.77000427246094,200.9600067138672,201.35000610351562,46381600,49.177875616132525,-0.15780735835031034,1
2025-06-04,202.82000732421875,206.24000549316406,202.10000610351562,202.91000366210938,43604000,48.561801128202376,-0.01876558003775619,0
2025-06-05,200.6300048828125,204.75,200.14999389648438,203.5,55126100,45.569809413005196,-0.05947735040565871,2
2025-06-06,203.9199981689453,205.6999969482422,202.0500030517578,203.0,46607700,50.503533855763,0.13913510156909203,0
2025-06-09,201.4499969482422,206.0,200.02000427246094,204.38999938964844,72862600,47.05505061878657,0.10943323663408067,2
2025-06-10,202.6699981689453,204.35000610351562,200.57000732421875,200.60000610351562,54672600,48.91065119709093,0.1734233166929402,0
2025-06-11,198.77999877929688,204.5,198.41000366210938,203.5,60989900,43.65671314021069,-0.03372034085407982,1
2025-06-12,199.1999969482422,199.67999267578125,197.36000061035156,199.0800018310547,43904600,44.35176221004093,-0.12481572885479153,0
2025-06-13,196.4499969482422,200.3699951171875,195.6999969482422,199.72999572753906,51447300,40.80256047419901,-0.3404163361201369,2
2025-06-16,198.4199981689453,198.69000244140625,196.55999755859375,197.3000030517578,43020700,44.24466996523211,-0.3207569338467191,0
2025-06-17,195.63999938964844,198.38999938964844,195.2100067138672,197.1999969482422,38856200,40.652386513348596,-0.4570745268901608,2
2025-06-18,196.5800018310547,197.57000732421875,195.07000732421875,195.94000244140625,45394700,42.35661634594086,-0.4455659327326489,2
2025-06-20,201.0,201.6999969482422,196.86000061035156,198.24000549316406,95914700,49.6745778657977,-0.11890531551305239,1
